stem,voronoi_f1,voronoi_iou,voronoi_precision,voronoi_recall,voronoi_tp,voronoi_fp,voronoi_fn,voronoi_tn,sam_f1,sam_iou,sam_precision,sam_recall,sam_tp,sam_fp,sam_fn,sam_tn,delta_iou,n_tokens,n_regen_masks,align_mean_centroid_error,align_mean_area_error,align_count_gap
01658,0.044139157705044646,0.02256763709899367,0.023728642963186632,0.31564853556485356,1886.0,77596.0,4089.0,178573.0,0.00367716641881844,0.001841969824200233,0.0021928410190261206,0.011380753138075314,68.0,30942.0,5907.0,225227.0,-0.020725667274793434,65,65,0.0,0.0,0.0
01992,0.21528488570453766,0.12062703116038999,0.12835638730675344,0.6670190274841438,5679.0,38565.0,2835.0,215065.0,0.3097064539224711,0.18322643107830086,0.19794730993005163,0.7112990368804323,6056.0,24538.0,2458.0,229092.0,0.06259939991791087,153,153,0.0,0.0,0.0
01770,0.07160344792507341,0.03713108066285907,0.03738880389823786,0.843425467327049,5279.0,135913.0,980.0,119972.0,0.22831238409231402,0.12886717841358455,0.13609703669583909,0.7081003355168557,4432.0,28133.0,1827.0,227752.0,0.09173609775072548,60,60,0.0,0.0,0.0
00912,0.17183722118167888,0.09399448625288727,0.13421997606064637,0.23875088715400994,10092.0,65098.0,32178.0,154776.0,0.1349825719485487,0.07237603784195032,0.19390287132222617,0.10352495859947954,4376.0,18192.0,37894.0,201682.0,-0.02161844841093695,80,80,0.0,0.0,0.0
02311,0.16769506879753865,0.09152137613224004,0.09223508618541969,0.9220431370706264,19622.0,193117.0,1659.0,47746.0,0.11083986519984688,0.05867150336176885,0.06396216302348152,0.4149711009820967,8831.0,129235.0,12450.0,111628.0,-0.03284987277047119,72,72,0.0,0.0,0.0
02545,0.29173229093531183,0.17077668177374922,0.27008573034760613,0.3171509908819606,23061.0,62323.0,49652.0,127108.0,0.13063892469158536,0.06988426495936961,0.40019741944581544,0.07806031933767002,5676.0,8507.0,67037.0,180924.0,-0.1008924168143796,65,65,0.0,0.0,0.0
01031,0.6485055301868142,0.4798432732591617,0.6386033524473923,0.6587196307535752,72500.0,41029.0,37562.0,111053.0,0.687224295443808,0.5234894986696428,0.8264916559200194,0.5881230579128128,64730.0,13589.0,45332.0,138493.0,0.043646225410481077,138,138,0.0,0.0,0.0
10345,0.24559413845074834,0.13998707131192162,0.2886558159113231,0.21371250486949747,8229.0,20279.0,30276.0,203360.0,0.3513279802347128,0.21309755732054547,0.5481277533039648,0.2585118815738216,9954.0,8206.0,28551.0,215433.0,0.07311048600862385,81,81,0.0,0.0,0.0
08519,0.4530660671335515,0.2928800367666808,0.3745744339781072,0.573174008012989,49070.0,81932.0,36541.0,94601.0,0.1687102633969119,0.0921264724116553,0.4439133681852128,0.10414549532186285,8916.0,11169.0,76695.0,165364.0,-0.2007535643550255,73,73,0.0,0.0,0.0
01577,0.3440829092195502,0.2077899377542994,0.25330271319664754,0.5362772862835518,21398.0,63078.0,18503.0,159165.0,0.25516070028743143,0.14623736428304007,0.3662275561389527,0.195784566802837,7812.0,13519.0,32089.0,208724.0,-0.061552573471259336,103,103,0.0,0.0,0.0
02239,0.10071532505062224,0.05302803017315275,0.06056415590772808,0.2988165680473373,4949.0,76766.0,11613.0,168816.0,0.051642676628941876,0.026505752312203926,0.06563634670887254,0.042567322787103005,705.0,10036.0,15857.0,235546.0,-0.026522277860948826,40,40,0.0,0.0,0.0
01332,0.34693326961173504,0.20987251345276842,0.3093035721648776,0.39498718713799275,22504.0,50253.0,34470.0,154917.0,0.2509887676000633,0.1435032336845914,0.5042377370484161,0.16707621020114438,9519.0,9359.0,47455.0,195811.0,-0.06636927976817703,119,119,0.0,0.0,0.0
01147,0.54218885717831,0.3719198195514321,0.48253965749804767,0.6186652373102479,61173.0,65600.0,37706.0,97665.0,0.60135449516621,0.4299549050048052,0.8328649422715475,0.4705549206606054,46528.0,9337.0,52351.0,153928.0,0.0580350854533731,96,96,0.0,0.0,0.0
07656,0.716581212232192,0.5583377920456573,0.8942655145326002,0.59780211386616,62612.0,7403.0,42125.0,150004.0,0.8737001042043255,0.7757259922208376,0.9857597024773559,0.7845174102752609,82168.0,1187.0,22569.0,156220.0,0.21738820017518035,49,49,0.0,0.0,0.0
11204,0.26950504463578256,0.15573870573870574,0.19556884391291016,0.43332767113979953,12755.0,52465.0,16680.0,180244.0,0.14608726373432257,0.0787994282991901,0.20866712924998423,0.11238321725836589,3308.0,12545.0,26127.0,220164.0,-0.07693927743951565,73,73,0.0,0.0,0.0
03182,0.07794753086419753,0.040554319986511336,0.04212677231025855,0.520721649484536,5051.0,114849.0,4649.0,137595.0,0.2291320754716981,0.12938970337538358,0.16200640341515474,0.39123711340206185,3795.0,19630.0,5905.0,232814.0,0.08883538338887224,134,134,0.0,0.0,0.0
02593,0.6026821480406387,0.43131356777238583,0.6262034020991676,0.580863921217547,25953.0,15492.0,18727.0,201972.0,0.5931252139996724,0.42159062050283586,0.8856533143644689,0.4458594449418084,19921.0,2572.0,24759.0,214892.0,-0.009722947269549975,161,161,0.0,0.0,0.0
00569,0.388600161987041,0.2411568828666569,0.3380029500040361,0.4570124522498388,46060.0,90211.0,54725.0,71148.0,0.0627750649443398,0.032404633973254195,0.3129784582517358,0.034886143771394554,3516.0,7718.0,97269.0,153641.0,-0.20875224889340271,77,77,0.0,0.0,0.0
05151,0.42412091727172824,0.2691329061475075,0.341377293824163,0.5598082058752124,46117.0,88974.0,36263.0,90790.0,0.26178403143495343,0.15060500891098397,0.39855036489102913,0.19490167516387472,16056.0,24230.0,66324.0,155534.0,-0.11852789723652354,89,89,0.0,0.0,0.0
00802,0.0392819277974447,0.020034460004399148,0.025822760885486806,0.08204473802732322,1093.0,41234.0,12229.0,207588.0,0.04235223341855918,0.021634246028087643,0.03533604376850876,0.052844918180453386,704.0,19219.0,12618.0,229603.0,0.0015997860236884945,123,123,0.0,0.0,0.0
04324,0.11191813987483441,0.05927610568082842,0.060920521512818175,0.6871085351032999,7350.0,113299.0,3347.0,138148.0,0.08022325223332424,0.04178780284043442,0.04841832191117822,0.23380387024399366,2501.0,49153.0,8196.0,202294.0,-0.017488302840393995,149,149,0.0,0.0,0.0
06019,0.45590752699106796,0.2952592121005894,0.47574326594860367,0.4376596540895853,26899.0,29642.0,34562.0,171041.0,0.23475211793913645,0.13298535595186312,0.5498471314669384,0.14923284684596735,9172.0,7509.0,52289.0,193174.0,-0.1622738561487263,107,107,0.0,0.0,0.0
01956,0.31109231486602257,0.18419734696236179,0.19036117396468552,0.8504936112181672,28688.0,122015.0,5043.0,106398.0,0.5410060082857948,0.370807564224548,0.4265412569474134,0.7394384987103851,24942.0,33533.0,8789.0,194880.0,0.18661021726218624,59,59,0.0,0.0,0.0
00901,0.18737576904874584,0.10337264936065221,0.1191092191754035,0.4389655745883918,15837.0,117125.0,20241.0,108941.0,0.19346654645335792,0.10709270070451142,0.15557766237269846,0.25575142746271967,9227.0,50081.0,26851.0,175985.0,0.003720051343859207,103,103,0.0,0.0,0.0
11086,0.17386856127886324,0.09521141665499479,0.2005178460227459,0.15347180413405578,6118.0,24393.0,33746.0,197887.0,0.03405651932995184,0.017323244368319494,0.11320487390195523,0.020043146698775837,799.0,6259.0,39065.0,216021.0,-0.0778881722866753,151,151,0.0,0.0,0.0
06745,0.3184524921361915,0.18938060961521372,0.20268201055685006,0.7426470588235294,21311.0,83834.0,7385.0,149614.0,0.17210944395410413,0.09415741187831965,0.18218623481781376,0.1630889322553666,4680.0,21008.0,24016.0,212440.0,-0.09522319773689407,96,96,0.0,0.0,0.0
01883,0.09001698218580108,0.0471297290846163,0.055349984582177,0.24089550417861283,3949.0,67397.0,12444.0,178354.0,0.09974025974025974,0.05248769819573537,0.11536612722320141,0.08784237174403708,1440.0,11042.0,14953.0,234709.0,0.005357969111119069,93,93,0.0,0.0,0.0
03650,0.31361122610366315,0.1859661490624587,0.19860716182332736,0.7450134906826034,29545.0,119216.0,10112.0,103271.0,0.28414516179361565,0.16559976722193934,0.3726316650980071,0.2296189827773155,9106.0,15331.0,30551.0,207156.0,-0.020366381840519365,63,63,0.0,0.0,0.0
08132,0.27602984106389883,0.1601128880526811,0.20653972596694836,0.4159889792472115,18722.0,71924.0,26284.0,145214.0,0.11809369792231612,0.06275216666841328,0.10616080134739828,0.1330489268097587,5988.0,50417.0,39018.0,166721.0,-0.09736072138426781,83,83,0.0,0.0,0.0
09548,0.30325294294376315,0.17872607568855337,0.19492968626555943,0.6825474887809676,22206.0,91712.0,10328.0,137898.0,0.26086787236942005,0.14999888060536862,0.3557585090001593,0.2059384029015799,6700.0,12133.0,25834.0,217477.0,-0.028727195083184748,97,97,0.0,0.0,0.0
04629,0.7483204505838954,0.5978530614588845,0.6684706583805352,0.8498344061946077,145750.0,72285.0,25754.0,18355.0,0.7845977775751033,0.6455457815518235,0.7918406128447995,0.7774862393880027,133342.0,35053.0,38162.0,55587.0,0.04769272009293901,54,54,0.0,0.0,0.0
08943,0.46392601200852224,0.30202061595687674,0.3300682115707035,0.7804235677436873,57486.0,116678.0,16174.0,71806.0,0.5862620244116701,0.4146893091470475,0.49011522355924936,0.7293374966060276,53723.0,55890.0,19937.0,132594.0,0.11266869319017075,83,83,0.0,0.0,0.0
01424,0.4153991365837808,0.2621474884774627,0.4111472999601809,0.41973983197481707,40269.0,57674.0,55669.0,108532.0,0.43602241705764716,0.2787907076246876,0.8060389665157862,0.2988388334132461,28670.0,6899.0,67268.0,159307.0,0.016643219147224886,86,86,0.0,0.0,0.0
01447,0.2090065314541079,0.11669865642994241,0.1401642684051382,0.41074626865671643,13072.0,80190.0,18753.0,150129.0,0.07468830863326277,0.03879284012462582,0.07018319471691857,0.0798114689709348,2540.0,33651.0,29285.0,196668.0,-0.0779058163053166,104,104,0.0,0.0,0.0
07715,0.14721692759085944,0.07945718513038653,0.09203620394173094,0.36763290191464326,3437.0,33907.0,5912.0,218888.0,0.06670400099558209,0.034502735757965884,0.07973817316274918,0.05733233500909188,536.0,6186.0,8813.0,246609.0,-0.04495444937242065,156,156,0.0,0.0,0.0
04583,0.237217435760389,0.13456987865245562,0.15414234913060876,0.5145161290322581,20416.0,112033.0,19264.0,110431.0,0.11021392454297937,0.05832084698598785,0.07971193878699223,0.1785282258064516,7084.0,81786.0,32596.0,140678.0,-0.07624903166646776,112,112,0.0,0.0,0.0
07628,0.4614968195966978,0.2999648135116115,0.38620533439039584,0.573253761452467,47740.0,75873.0,35539.0,102992.0,0.34216326563808935,0.20639141270433092,0.5301960982003328,0.25258468521476,21035.0,18639.0,62244.0,160226.0,-0.0935734008072806,65,65,0.0,0.0,0.0
02534,0.39763470472415613,0.24815484078223507,0.4080099298834031,0.38777405469171594,30899.0,44832.0,48784.0,137629.0,0.12596983698021097,0.067218681676513,0.47827885808853954,0.07253742956464992,5780.0,6305.0,73903.0,176156.0,-0.18093615910572208,83,83,0.0,0.0,0.0
01905,0.26771363893604977,0.1545435240693249,0.19280030160072548,0.43783696230649977,18922.0,79221.0,24295.0,139706.0,0.05079530319499089,0.026059501743583298,0.0750542888165038,0.03838767151815258,1659.0,20445.0,41558.0,198482.0,-0.1284840223257416,92,92,0.0,0.0,0.0
10589,0.24330285629790277,0.13850017185384708,0.1686540137007363,0.4365079365079365,19745.0,97329.0,25489.0,119581.0,0.2147914631321321,0.12031729554071131,0.19726934675226168,0.23572976079939867,10663.0,43390.0,34571.0,173520.0,-0.018182876313135768,64,64,0.0,0.0,0.0
05490,0.2394097263147969,0.13598264735023968,0.29983467170524325,0.19925446340984893,10156.0,23716.0,40814.0,187458.0,0.03275737940964722,0.016651418115279048,0.19825708061002179,0.017853639395722973,910.0,3680.0,50060.0,207494.0,-0.11933122923496063,117,117,0.0,0.0,0.0
03476,0.1847413002299289,0.10177133444028064,0.10631718955682316,0.7041594768867496,15507.0,130349.0,6515.0,109773.0,0.2459084146139858,0.1401913199189482,0.1765019973895503,0.405276541640178,8925.0,41641.0,13097.0,198481.0,0.03841998547866757,79,79,0.0,0.0,0.0
01634,0.07926645469307585,0.04126884485708789,0.0588974785058883,0.12117248350080266,4076.0,65129.0,29562.0,163377.0,0.01816900603729027,0.009167787814722276,0.025279559065133288,0.014180391224210715,477.0,18392.0,33161.0,210114.0,-0.03210105704236561,44,44,0.0,0.0,0.0
03162,0.06641805553100866,0.03434974955211875,0.03581162210066897,0.4569552529182879,1879.0,50590.0,2233.0,207442.0,0.01807102332422778,0.009117896522476675,0.011525060305548111,0.04182879377431906,172.0,14752.0,3940.0,243280.0,-0.02523185302964208,171,171,0.0,0.0,0.0
02623,0.739718941288042,0.586947598850732,0.6224535989135356,0.9114240310011642,107250.0,65052.0,10423.0,79419.0,0.3217993300366884,0.1917525929981446,0.6457287718938851,0.21429724745693574,25217.0,13835.0,92456.0,130636.0,-0.3951950058525874,77,77,0.0,0.0,0.0
02376,0.4738484748479562,0.3104858639778569,0.3697730032007652,0.6594580408109704,50254.0,85651.0,25951.0,100288.0,0.19269386563241714,0.10661938338401372,0.22436098615615302,0.16886031100321502,12868.0,44486.0,63337.0,141453.0,-0.20386648059384316,46,46,0.0,0.0,0.0
06694,0.0,0.0,0.0,0.0,0.0,10325.0,17734.0,234085.0,0.0,0.0,0.0,0.0,0.0,1342.0,17734.0,243068.0,0.0,96,96,0.0,0.0,0.0
02106,0.36949267789012435,0.22661209359796122,0.2287727942494952,0.9599895311937711,29344.0,98923.0,1223.0,132654.0,0.04042093525681232,0.020627356141973113,0.04323679600432368,0.03794942257990643,1160.0,25669.0,29407.0,205908.0,-0.2059847374559881,61,61,0.0,0.0,0.0
06686,0.4291954590325765,0.2732328866125155,0.30427784095879623,0.7281138790035587,17391.0,39764.0,6494.0,198495.0,0.6426661914097309,0.4734768907563025,0.6867590344236537,0.6038936571069708,14424.0,6579.0,9461.0,231680.0,0.200244004143787,118,118,0.0,0.0,0.0
01446,0.09378749364514488,0.0492009643901086,0.07138213898777279,0.13669235328986365,2306.0,29999.0,14564.0,215275.0,0.03659882295242767,0.018640522059512287,0.03789513774279548,0.035388263189093064,597.0,15157.0,16273.0,230117.0,-0.03056044233059631,145,145,0.0,0.0,0.0
01011,0.19906613650457813,0.11053495108266322,0.12602771362586604,0.47345132743362833,5457.0,37843.0,6069.0,212775.0,0.4047993143836595,0.25376074498567336,0.34397378322611966,0.49175776505292385,5668.0,10810.0,5858.0,239808.0,0.14322579390301016,159,159,0.0,0.0,0.0
08710,0.11489952854439449,0.06095140831176669,0.06334044888261756,0.617737003058104,5252.0,77665.0,3250.0,175977.0,0.05968730909337737,0.03076169597462568,0.0369519540551898,0.15513996706657257,1319.0,34376.0,7183.0,219266.0,-0.030189712337141007,109,109,0.0,0.0,0.0
03335,0.4593607907742998,0.29816246920339445,0.36886182762318676,0.6087042578211412,52281.0,89455.0,33608.0,86800.0,0.15821806734713348,0.08590488620943265,0.4378332717385566,0.09655485568582706,8293.0,10648.0,77596.0,165607.0,-0.2122575829939618,90,90,0.0,0.0,0.0
05285,0.08044908466819223,0.0419103676936259,0.12042389210019268,0.060399441640717276,2250.0,16434.0,35002.0,208458.0,0.03439484077388392,0.017498346813164454,0.24981844589687727,0.018468807043917106,688.0,2066.0,36564.0,222826.0,-0.024412020880461443,117,117,0.0,0.0,0.0
07931,0.3520851944144059,0.21365497368008102,0.27768352940085844,0.4809492461585395,29954.0,77917.0,32327.0,121946.0,0.08305392746538354,0.04332616793730056,0.204589874535023,0.05210256739615613,3245.0,12616.0,59036.0,187247.0,-0.17032880574278045,100,100,0.0,0.0,0.0
04950,0.24422465361931042,0.1390978943420916,0.1468091556768228,0.7258910726182545,17433.0,101313.0,6583.0,136815.0,0.3646745714909929,0.22299816607357567,0.23944341566469315,0.7645319786808794,18361.0,58321.0,5655.0,179807.0,0.08390027173148407,80,80,0.0,0.0,0.0
00536,0.28329282506753883,0.16502105263157896,0.2096892848066557,0.43651500807484545,15677.0,59086.0,20237.0,167144.0,0.13581515156161358,0.07285498091854191,0.15112430477360358,0.12332238124408308,4429.0,24878.0,31485.0,201352.0,-0.09216607171303705,96,96,0.0,0.0,0.0
04603,0.4254559459524517,0.27020898199625965,0.32454416922201207,0.6174384890369008,53025.0,110358.0,32854.0,65907.0,0.21097986776613922,0.11793040445145753,0.5208858728048054,0.13227913692520873,11360.0,10449.0,74519.0,165816.0,-0.15227857754480212,35,35,0.0,0.0,0.0
02624,0.42161719154885446,0.26711973121563837,0.4468030755868904,0.39911920408908363,34982.0,43312.0,52666.0,131184.0,0.08585446491962402,0.044852631812041896,0.6027376878440708,0.04621896677619569,4051.0,2670.0,83597.0,171826.0,-0.22226709940359646,53,53,0.0,0.0,0.0
03647,0.30819230679945214,0.18216745794341227,0.24655315861413205,0.41092498359519125,33190.0,101426.0,47579.0,79949.0,0.4180210733601822,0.2642393437237969,0.466815308023579,0.3784620337010487,30568.0,34914.0,50201.0,146461.0,0.08207188578038466,23,23,0.0,0.0,0.0
08153,0.5024864508999424,0.3355471816611713,0.41598053527980533,0.6344178590512379,42742.0,60008.0,24630.0,134764.0,0.15215162080322353,0.08233988378925378,0.40634061473033056,0.09359971501513982,6306.0,9213.0,61066.0,185559.0,-0.25320729787191754,105,105,0.0,0.0,0.0
03528,0.12461106092542408,0.06644544943669886,0.07910414476408933,0.29339477726574503,2483.0,28906.0,5980.0,224775.0,0.2789551503203549,0.1620847651775487,0.23928299653335589,0.33439678600968925,2830.0,8997.0,5633.0,244684.0,0.09563931574084983,133,133,0.0,0.0,0.0
11826,0.19984743421459547,0.11101694268196777,0.13452002072385463,0.38853111722737355,14540.0,93548.0,22883.0,131173.0,0.021166794999918085,0.010696603911049294,0.027354336043360433,0.01726211153568661,646.0,22970.0,36777.0,201751.0,-0.10032033877091848,75,75,0.0,0.0,0.0
02361,0.5626579915737827,0.3914572789741611,0.45660867307192937,0.732870241733815,79128.0,94167.0,28842.0,60007.0,0.1657704864064086,0.09037608716786695,0.31942168419939737,0.11192923960359359,12085.0,25749.0,95885.0,128425.0,-0.30108119180629417,39,39,0.0,0.0,0.0
09139,0.31976422384358266,0.19030913897991839,0.2389018377890678,0.48337462511409574,22242.0,70859.0,23772.0,145271.0,0.1516471778727232,0.08204449716380005,0.21461532341475056,0.11724692484895902,5395.0,19743.0,40619.0,196387.0,-0.10826464181611833,77,77,0.0,0.0,0.0
06201,0.4209417182967995,0.2665776958167524,0.31108279533355987,0.650756418002393,54931.0,121649.0,29480.0,56084.0,0.17528633325496257,0.0960623775935443,0.20242343376671734,0.15456516330809966,13047.0,51407.0,71364.0,126326.0,-0.1705153182232081,59,59,0.0,0.0,0.0
04160,0.6891739997143371,0.5257555156551277,0.6249760657768767,0.7680707048336194,110977.0,66593.0,33511.0,51063.0,0.7197660595970549,0.5622144804023187,0.6470659707839727,0.8108701068600853,117161.0,63904.0,27327.0,53752.0,0.036458964747191014,57,57,0.0,0.0,0.0
06590,0.012691894918575895,0.006386475698520779,0.007205870665218428,0.053176930596285435,544.0,74950.0,9686.0,176964.0,0.03664202318910839,0.018662935451346736,0.023092982992158062,0.08866080156402736,907.0,38369.0,9323.0,213545.0,0.012276459752825958,72,72,0.0,0.0,0.0
03594,0.119119567244917,0.0633318126822302,0.0902232269002543,0.1752469813391877,3193.0,32197.0,15027.0,211727.0,0.023723597705972863,0.012004190141841963,0.02419400855920114,0.02327113062568606,424.0,17101.0,17796.0,226823.0,-0.05132762254038824,37,37,0.0,0.0,0.0
00840,0.3496121738734845,0.2118363746623298,0.21849145651494042,0.8742889647326507,23055.0,82464.0,3315.0,153310.0,0.6600487466305102,0.49259161105355725,0.5746002304471236,0.775350777398559,20446.0,15137.0,5924.0,220637.0,0.28075523639122746,87,87,0.0,0.0,0.0
09005,0.07260143024817588,0.03766809386888992,0.04530490199039536,0.182648401826484,3000.0,63218.0,13425.0,182501.0,0.24230047926651385,0.1378509104704097,0.3840158520475561,0.176986301369863,2907.0,4663.0,13518.0,241056.0,0.10018281660151979,100,100,0.0,0.0,0.0
08273,0.4684151685530794,0.3058369075845166,0.6268606187683605,0.37390647289876694,57401.0,34168.0,96116.0,74459.0,0.30362414358244416,0.17898400430176148,0.6583923836021388,0.19730713862308408,30290.0,15716.0,123227.0,92911.0,-0.12685290328275511,79,79,0.0,0.0,0.0
00642,0.2757563694267516,0.1599288897097869,0.2049287024436424,0.42140163036865796,6927.0,26875.0,9511.0,218831.0,0.3187117779048792,0.1895640341236196,0.5757431250993483,0.2203431074339944,3622.0,2669.0,12816.0,243037.0,0.02963514441383272,128,128,0.0,0.0,0.0
02732,0.586820148051619,0.41524802893457446,0.4847556964296394,0.7433261497546885,81056.0,86154.0,27989.0,66945.0,0.06962646640160998,0.03606890852456932,0.10519290309423608,0.052033564124902565,5674.0,48265.0,103371.0,104834.0,-0.3791791204100051,56,56,0.0,0.0,0.0
04171,0.29707165109034267,0.17444753402605004,0.3031022207153755,0.2912763704488067,28608.0,65776.0,69608.0,98152.0,0.039265641272819604,0.02002598725219926,0.12695497300606667,0.02322432190274497,2281.0,15686.0,95935.0,148242.0,-0.15442154677385078,55,55,0.0,0.0,0.0
07160,0.11561673601203444,0.06135521272214654,0.06622217663350087,0.4549896635970682,9684.0,136551.0,11600.0,104309.0,0.027061558117697768,0.013716372261406904,0.020124087089905904,0.04129862807742905,879.0,42800.0,20405.0,198060.0,-0.04763884046073964,75,75,0.0,0.0,0.0
01683,0.1785613209175186,0.09803312237086444,0.10485015037654936,0.6012458162885831,12934.0,110423.0,8578.0,130209.0,0.05708819459865735,0.02938280288377,0.045126792513975535,0.07767757530680551,1671.0,35358.0,19841.0,205274.0,-0.06865031948709444,109,109,0.0,0.0,0.0
09353,0.26651279046126986,0.15374373055350501,0.18118917336759002,0.5037182703826767,22285.0,100708.0,21956.0,117195.0,0.13299239179724895,0.07123291368119931,0.1501977409167212,0.11932370425623291,5279.0,29868.0,38962.0,188035.0,-0.0825108168723057,104,104,0.0,0.0,0.0
05637,0.21644393208374252,0.12135527218755486,0.22853364589907732,0.2055690727223574,7604.0,25669.0,29386.0,199485.0,0.048606027649384057,0.02490836209298836,0.10736394714958884,0.03141389564747229,1162.0,9661.0,35828.0,215493.0,-0.0964469100945665,143,143,0.0,0.0,0.0
04251,0.21208804846953166,0.1186233182724588,0.3213662939788696,0.15826962583773954,9399.0,19848.0,49987.0,182910.0,0.0077228774154103575,0.0038764072165781015,0.08673653776653416,0.004041356548681508,240.0,2527.0,59146.0,200231.0,-0.1147469110558807,88,88,0.0,0.0,0.0
00372,0.26242400097001617,0.15102879017465506,0.21243479724045095,0.3431794500067956,7575.0,28083.0,14498.0,211988.0,0.442056746079253,0.2837438045107004,0.6512920010582944,0.33457164862048655,7385.0,3954.0,14688.0,236117.0,0.13271501433604535,107,107,0.0,0.0,0.0
05758,0.1428370259106271,0.07691141160116265,0.11476739142733221,0.18908254885512785,6086.0,46943.0,26101.0,183014.0,0.015528114897450847,0.007824809720924022,0.052783282291479015,0.009103054028023737,293.0,5258.0,31894.0,224699.0,-0.06908660188023863,82,82,0.0,0.0,0.0
01967,0.12852390124321486,0.0686751497005988,0.07784691218359226,0.36824501887333366,7707.0,91295.0,13222.0,149920.0,0.17515693694087797,0.09598465779695553,0.16151674062121824,0.19131348846098714,4004.0,20786.0,16925.0,220429.0,0.027309508096356724,84,84,0.0,0.0,0.0
08728,0.14149965339762346,0.07613646866211594,0.08081310611581366,0.5681560668013202,11533.0,131179.0,8766.0,110666.0,0.4417923084437787,0.28352594512131407,0.3299447943772952,0.668358047194443,13567.0,27552.0,6732.0,214293.0,0.20738947645919814,95,95,0.0,0.0,0.0
07471,0.28764834368425823,0.16798438721585732,0.21343162077181033,0.4409962809215907,28577.0,105316.0,36224.0,92027.0,0.5300974510323093,0.360634418522912,0.4557892632654421,0.6333544235428465,41042.0,49004.0,23759.0,148339.0,0.1926500313070547,71,71,0.0,0.0,0.0
01709,0.4112288917042192,0.2588345731848876,0.2996062578135041,0.6554121405750799,25643.0,59946.0,13482.0,163073.0,0.20259709736177214,0.11271657404380517,0.43345625209520616,0.13219169329073482,5172.0,6760.0,33953.0,216259.0,-0.14611799914108245,71,71,0.0,0.0,0.0
05209,0.22970240839924802,0.12975355640152275,0.1522296137843492,0.46775009028530157,12952.0,72130.0,14738.0,162324.0,0.24219463387150045,0.13778239533135858,0.26209999579496235,0.2250993138317082,6233.0,17548.0,21457.0,216906.0,0.00802883892983583,116,116,0.0,0.0,0.0
03336,0.20571377793575332,0.11464936608557845,0.1471055474359789,0.3419497784342688,9260.0,53688.0,17820.0,181376.0,0.07695314681409504,0.04001626205134162,0.15777421570872452,0.05088626292466765,1378.0,7356.0,25702.0,227708.0,-0.07463310403423683,110,110,0.0,0.0,0.0
01244,0.6288331618894046,0.458611705309259,0.5337226794089018,0.7651919449918384,90474.0,79041.0,27763.0,64866.0,0.7378216410420515,0.584562107094908,0.647165394012465,0.8580139888528971,101449.0,55310.0,16788.0,88597.0,0.12595040178564898,84,84,0.0,0.0,0.0
02287,0.5842419210348068,0.4126707307662628,0.556118257541882,0.6153616017490363,53478.0,42685.0,33427.0,132554.0,0.370944728452739,0.22770542837409036,0.636414503133393,0.2617570910764628,22748.0,12996.0,64157.0,162243.0,-0.18496530239217246,34,34,0.0,0.0,0.0
07651,0.18672802656999588,0.10297849925776947,0.11361174947829991,0.5238733252131547,8602.0,67112.0,7818.0,178612.0,0.087158791547559,0.04556509508600229,0.08072889627245354,0.09470158343483556,1555.0,17707.0,14865.0,228017.0,-0.057413404171767185,141,141,0.0,0.0,0.0
06337,0.40904268690165274,0.2571047529270618,0.3008913348711263,0.6385670386974046,48003.0,111533.0,27170.0,75438.0,0.5083199435670337,0.34077008764370836,0.6186941921697321,0.4313649847684674,32427.0,19985.0,42746.0,166986.0,0.08366533471664656,67,67,0.0,0.0,0.0
02420,0.6642532281715325,0.49728978739155344,0.4976455783555583,0.9985643740772795,98074.0,99002.0,141.0,64927.0,0.6643003215566924,0.4973425780343841,0.5018387803190687,0.9823041286972458,96477.0,95770.0,1738.0,68159.0,5.279064283064683e-05,43,43,0.0,0.0,0.0
00430,0.4606756441682998,0.29927132798428036,0.3777463158547424,0.5902594990876354,36553.0,60213.0,25374.0,140004.0,0.17365849213490825,0.0950854434327055,0.29471120389700767,0.12309654916272385,7623.0,18243.0,54304.0,181974.0,-0.20418588455157485,91,91,0.0,0.0,0.0
08141,0.17174075617539433,0.09393676348444067,0.09534615433374323,0.864035843529209,15042.0,142720.0,2367.0,102015.0,0.2757693608386878,0.15993762932598485,0.1616817519405974,0.9368142914584411,16309.0,84562.0,1100.0,160173.0,0.06600086584154417,73,73,0.0,0.0,0.0
01762,0.1797118069935119,0.0987271178728518,0.10240336907326282,0.7333391108414941,8462.0,74172.0,3077.0,176433.0,0.3991031390134529,0.24929971988795518,0.29672926777801223,0.6093248981714187,7031.0,16664.0,4508.0,233941.0,0.1505726020151034,177,177,0.0,0.0,0.0
01278,0.5752255481981066,0.4037309536752477,0.5688415688415689,0.5817544458318146,75012.0,56856.0,53929.0,76347.0,0.4909773125510307,0.32536112056806576,0.6008869926458205,0.4150580498057251,53518.0,35547.0,75423.0,97656.0,-0.07836983310718193,104,104,0.0,0.0,0.0
01912,0.3524604283499531,0.21393138860813904,0.3226908721327562,0.38828093701899763,18415.0,38652.0,29012.0,176065.0,0.33473059014750633,0.2010068690189632,0.39811046511627907,0.2887595673350623,13695.0,20705.0,33732.0,194012.0,-0.012924519589175842,133,133,0.0,0.0,0.0
06667,0.005492209420333114,0.002753666566896139,0.010538373424971364,0.003713870498950428,46.0,4319.0,12340.0,245439.0,0.0,0.0,0.0,0.0,0.0,798.0,12386.0,248960.0,-0.002753666566896139,170,170,0.0,0.0,0.0
04626,0.30727137998517984,0.1815243012683803,0.24574768769438057,0.40988814166469534,24258.0,74453.0,34924.0,128509.0,0.2424315522856109,0.1379357672248147,0.4235502360080917,0.16981514649724577,10050.0,13678.0,49132.0,189284.0,-0.04358853404356558,76,76,0.0,0.0,0.0
00522,0.12213542417341673,0.0650395272085348,0.08830946872590091,0.19796290239686026,4237.0,43742.0,17166.0,196999.0,0.19991226421006453,0.1110569558557304,0.3034915802492627,0.14904452646825211,3190.0,7321.0,18213.0,233420.0,0.0460174286471956,141,141,0.0,0.0,0.0
01530,0.7550843058690415,0.6065344901898319,0.6981444433060293,0.8221368471185903,129466.0,55977.0,28009.0,48692.0,0.41188107550381237,0.25935153164582864,0.5715686937698709,0.32193681536751867,50697.0,38001.0,106778.0,66668.0,-0.3471829585440032,76,76,0.0,0.0,0.0
08493,0.0885938543754175,0.046350093923376,0.05822951539432523,0.18513348455766881,1061.0,17160.0,4670.0,239253.0,0.21412257327750286,0.11989768730683151,0.23550345405065942,0.19630082010120398,1125.0,3652.0,4606.0,252761.0,0.07354759338345551,182,182,0.0,0.0,0.0
01484,0.2500610306515803,0.14289700099923436,0.28182585995085996,0.2247313693276325,22023.0,56121.0,75974.0,108026.0,0.1910349648269605,0.1056045645507387,0.35210109372001863,0.13107544108493116,12845.0,23636.0,85152.0,140511.0,-0.037292436448495656,128,128,0.0,0.0,0.0
11303,0.42333955721525734,0.2685039503290531,0.33186035003101627,0.5844452354941264,47613.0,95860.0,33854.0,84817.0,0.46804390357131015,0.30552044191241406,0.5090596958942843,0.4331447089005364,35287.0,34031.0,46180.0,146646.0,0.037016491583360955,67,67,0.0,0.0,0.0
09278,0.1230665391754317,0.06556787533712916,0.07620279615901289,0.31964270807246015,7658.0,92837.0,16300.0,145349.0,0.037144759435119315,0.018923840468454314,0.032008696702500304,0.04424409383087069,1060.0,32056.0,22898.0,206130.0,-0.04664403486867484,97,97,0.0,0.0,0.0
00278,0.1976312700802618,0.1096508537900913,0.17031754464833054,0.23537883708452176,8335.0,40603.0,27076.0,186130.0,0.16646633431200614,0.0907898979043525,0.27539444516886163,0.11928496794781282,4224.0,11114.0,31187.0,215619.0,-0.0188609558857388,76,76,0.0,0.0,0.0
03465,0.18014464168310323,0.09898843930635838,0.11243161094224924,0.45292028896779724,7398.0,58402.0,8936.0,187408.0,0.07818366009177045,0.04068217054263566,0.0761550963547713,0.08032325211215868,1312.0,15916.0,15022.0,229894.0,-0.05830626876372272,116,116,0.0,0.0,0.0
03588,0.19637082133599032,0.10887538506193763,0.12305673436127544,0.48579545454545453,11628.0,82865.0,12308.0,155343.0,0.11232321490169023,0.05950341487928002,0.11604597291518175,0.10883188502673796,2605.0,19843.0,21331.0,218365.0,-0.049371970182657605,71,71,0.0,0.0,0.0
01780,0.20976558002180962,0.11717212990707951,0.13715313144912003,0.44576544418216363,15485.0,97418.0,19253.0,129988.0,0.22664340173728334,0.12780475283951145,0.3321658883700245,0.17200184236283034,5975.0,12013.0,28763.0,215393.0,0.010632622932431945,104,104,0.0,0.0,0.0
06807,0.1961901043759832,0.10876429098871998,0.37757447184654824,0.13252563486030747,8543.0,14083.0,55920.0,183598.0,0.11381834328849928,0.06034325637910085,0.7426168224299066,0.06163225416130183,3973.0,1377.0,60490.0,196304.0,-0.04842103460961913,151,151,0.0,0.0,0.0
05536,0.41902200537887047,0.2650397455274424,0.3658911344886289,0.4902043346550171,41911.0,72634.0,43586.0,104013.0,0.23820006100929159,0.1352026729809915,0.4035646440943122,0.16896499292372832,14446.0,21350.0,71051.0,155297.0,-0.1298370725464509,90,90,0.0,0.0,0.0
01962,0.09464964955301114,0.04967571949736522,0.11225611431712008,0.08181727142237206,2451.0,19383.0,27506.0,212804.0,0.04442985335959729,0.02271964185786234,0.12312357846853678,0.027105517909002903,812.0,5783.0,29145.0,226404.0,-0.02695607763950288,126,126,0.0,0.0,0.0
01016,0.0,0.0,0.0,0.0,0.0,93428.0,0.0,168716.0,0.0,0.0,0.0,0.0,0.0,22298.0,0.0,239846.0,0.0,108,108,0.0,0.0,0.0
00752,0.16285094908264156,0.08864329707016635,0.11055276381909548,0.3090507726269316,6160.0,49560.0,13772.0,192652.0,0.21139754336021932,0.11819146427729309,0.22270354326335665,0.20118402568733695,4010.0,13996.0,15922.0,228216.0,0.029548167207126733,120,120,0.0,0.0,0.0
03171,0.3742191611559847,0.23017811024397797,0.26626669814315834,0.6293944466893725,32709.0,90134.0,19260.0,120041.0,0.4575924810693941,0.2966741768651749,0.4698714569563278,0.44593892512844197,23175.0,26147.0,28794.0,184028.0,0.06649606662119692,69,69,0.0,0.0,0.0
06228,0.08814659248126287,0.0461053091908664,0.05329225288546017,0.25477560414269274,4428.0,78661.0,12952.0,166103.0,0.05529379502904295,0.028432981232694082,0.0487837065059605,0.06380897583429229,1109.0,21624.0,16271.0,223140.0,-0.01767232795817232,71,71,0.0,0.0,0.0
02819,0.1911210348848772,0.10565717141429286,0.12005678591709257,0.4683443356519428,10571.0,77479.0,12000.0,162094.0,0.2361541769458842,0.13388595185546373,0.24139367018323155,0.23113730007531788,5217.0,16395.0,17354.0,223178.0,0.028228780441170873,64,64,0.0,0.0,0.0
04387,0.4186924911961831,0.26477613548607243,0.3200408110102896,0.6052631578947368,29486.0,62646.0,19230.0,150782.0,0.6736300500171141,0.5078749334043686,0.7288605356844193,0.6261803103703095,30505.0,11348.0,18211.0,202080.0,0.2430987979182962,97,97,0.0,0.0,0.0
02477,0.05048653755314123,0.02589699354513559,0.0327571411057987,0.1100494233937397,1336.0,39449.0,10804.0,210555.0,0.04642834303255101,0.023765876653136047,0.10380325993708893,0.029901153212520595,363.0,3134.0,11777.0,246870.0,-0.0021311168919995425,50,50,0.0,0.0,0.0
03183,0.10180560395451786,0.053632865088322886,0.06771512945539454,0.20502157301034465,3944.0,54300.0,15293.0,188607.0,0.07677807583556877,0.03992158932408489,0.1268415379087316,0.05505016374694599,1059.0,7290.0,18178.0,235617.0,-0.013711275764237994,145,145,0.0,0.0,0.0
07335,0.2698275542827517,0.1559541391094654,0.16200612182884078,0.806754013655656,21859.0,113068.0,5236.0,121981.0,0.13443376858011005,0.07206057137826298,0.1514829038078934,0.1208341022328843,3274.0,18339.0,23821.0,216710.0,-0.08389356773120242,55,55,0.0,0.0,0.0
00871,0.44206119476200995,0.2837474702316571,0.4477534951110167,0.436511810208398,59026.0,72801.0,76196.0,54121.0,0.22349252759678148,0.12580443992979434,0.49056130762866956,0.14471018029610566,19568.0,20321.0,115654.0,106601.0,-0.15794303030186274,82,82,0.0,0.0,0.0
04242,0.750785626451701,0.6010062342775894,0.7236769902763449,0.7800042584399914,131880.0,50356.0,37196.0,42712.0,0.23432547918447078,0.13271159345734942,0.6720636432393065,0.14190068371619863,23992.0,11707.0,145084.0,81361.0,-0.46829464082023997,51,51,0.0,0.0,0.0
02098,0.18884002199010447,0.10426468356351495,0.10640192669573231,0.8384695185207787,13740.0,115393.0,2647.0,130364.0,0.4007291310645639,0.25056989334853047,0.27323774857954547,0.7512662476353207,12311.0,32745.0,4076.0,213012.0,0.14630520978501552,61,61,0.0,0.0,0.0
05283,0.2036261934612788,0.11335402059420399,0.19958408167123545,0.20783541687173934,10557.0,42338.0,40238.0,169011.0,0.069687951704787,0.03610190993022764,0.2558052434456929,0.040338616005512355,2049.0,5961.0,48746.0,205388.0,-0.07725211066397636,99,99,0.0,0.0,0.0
08417,0.0648191017924466,0.033495112447877506,0.03808043520497377,0.2176326893182323,2940.0,74265.0,10569.0,174370.0,0.11319327242041553,0.05999198050646186,0.09325406338399578,0.14397808868161965,1945.0,18912.0,11564.0,229723.0,0.026496868058584352,108,108,0.0,0.0,0.0
08174,0.10212330815462237,0.05380924303112864,0.060321838032502906,0.33262112738012944,5293.0,82453.0,10620.0,163778.0,0.04751313016035682,0.024334673330868056,0.029160353354870064,0.1281970715766983,2040.0,67918.0,13873.0,178313.0,-0.029474569700260585,107,107,0.0,0.0,0.0
02810,0.49306492124571577,0.3271971886495008,0.3679831568060724,0.7469680781270501,39850.0,68443.0,13499.0,140352.0,0.5389982754102757,0.36892377766469514,0.3993209809657962,0.8289564940298787,44224.0,66524.0,9125.0,142271.0,0.041726589015194326,68,68,0.0,0.0,0.0
04815,0.24749383043096354,0.14122280122518796,0.18313215722686474,0.3816106286009115,17751.0,79179.0,28765.0,136449.0,0.42783742907097727,0.2721330713389007,0.42694440281732354,0.42873419898529536,19943.0,26768.0,26573.0,188860.0,0.13091027011371273,91,91,0.0,0.0,0.0
00125,0.19070216359687928,0.10540120026672593,0.20421463638712642,0.17886689969069833,7113.0,27718.0,32654.0,194659.0,0.09969197469197469,0.05246095546842486,0.28921627822726725,0.06022581537455679,2395.0,5886.0,37372.0,216491.0,-0.052940244798301075,110,110,0.0,0.0,0.0
10705,0.6059097954301582,0.43462739602070205,0.5192688007594136,0.7272534229501537,78771.0,72925.0,29542.0,80906.0,0.6899194460392852,0.5266236827601777,0.652238990090053,0.7322205090801658,79309.0,42286.0,29004.0,111545.0,0.09199628673947563,64,64,0.0,0.0,0.0
00892,0.015537156291526117,0.007829401462861853,0.009172097513878832,0.05076820307281229,152.0,16420.0,2842.0,242730.0,0.020335429769392035,0.010272159271417981,0.014818209593644974,0.03239812959251837,97.0,6449.0,2897.0,252701.0,0.0024427578085561286,147,147,0.0,0.0,0.0
01562,0.09048178613396005,0.047384615384615386,0.06171012884532396,0.1695173581710415,2002.0,30440.0,9808.0,219894.0,0.1018704174771809,0.05366884243054899,0.07877806063411247,0.1441151566469094,1702.0,19903.0,10108.0,230431.0,0.0062842270459336005,222,222,0.0,0.0,0.0
00137,0.6190824614033804,0.4483124039633339,0.5214899124789415,0.7616118578972636,101532.0,93164.0,31780.0,35668.0,0.28778327867175196,0.16807643278270568,0.59398390389263,0.1898928828612578,25315.0,17304.0,107997.0,111528.0,-0.2802359711806282,71,71,0.0,0.0,0.0
10697,0.12601004586154183,0.0672415802354038,0.11228957867081833,0.143550192810051,3462.0,27369.0,20655.0,210658.0,0.01132104337183508,0.005692745595815063,0.07294233612617053,0.006136750010366131,148.0,1881.0,23969.0,236146.0,-0.06154883463958874,112,112,0.0,0.0,0.0
06036,0.330877607096096,0.19823447849168338,0.21044822510365535,0.7735336595460326,35885.0,134632.0,10506.0,81121.0,0.1954015647453297,0.10827980393197785,0.376808916805222,0.131900584165032,6119.0,10120.0,40272.0,205633.0,-0.08995467455970553,51,51,0.0,0.0,0.0
01378,0.35403190689204705,0.2150903825988244,0.27463793929418123,0.4979953670705631,22358.0,59051.0,22538.0,158197.0,0.2561575020649127,0.14689256763052458,0.3266567669302759,0.21068692088382038,9459.0,19498.0,35437.0,197750.0,-0.06819781496829982,128,128,0.0,0.0,0.0
06187,0.44034918265501743,0.28233831429308687,0.3610169593204274,0.5643668351605068,60179.0,106514.0,46452.0,48999.0,0.09852792326451867,0.051816655353506484,0.1787263406940063,0.06801024092430906,7252.0,33324.0,99379.0,122189.0,-0.23052165893958038,99,99,0.0,0.0,0.0
02169,0.22507219972472614,0.12680639724602863,0.1530132081390695,0.42541353383458647,14145.0,78298.0,19105.0,150596.0,0.26069471021308344,0.1498843887521444,0.2828688063063063,0.24174436090225565,8038.0,20378.0,25212.0,208516.0,0.02307799150611578,61,61,0.0,0.0,0.0
02733,0.17509465351078476,0.09594725219455076,0.10087414898539229,0.6626682587928788,12209.0,108823.0,6215.0,134897.0,0.039570260946074236,0.020184483104796324,0.02514936574741737,0.0927594442032132,1709.0,66245.0,16715.0,177475.0,-0.07576276908975443,87,87,0.0,0.0,0.0
02357,0.7188813983630628,0.5611357117479354,0.6120520987911039,0.8708887827905507,129509.0,82089.0,19200.0,31346.0,0.49740628192816516,0.3310317858685375,0.7148420760757228,0.3813958805452259,56717.0,22625.0,91992.0,90810.0,-0.23010392587939793,38,38,0.0,0.0,0.0
03929,0.13816307538120123,0.07420793601968625,0.10660431204315725,0.19626453340564726,5790.0,48523.0,23711.0,184120.0,0.14227223631659588,0.0765840071391871,0.2746847720659554,0.09599674587302125,2832.0,7478.0,26669.0,225165.0,0.002376071119500847,78,78,0.0,0.0,0.0
07586,0.07277696331288121,0.03776260553525981,0.03797695504344541,0.8699697100822155,4021.0,101859.0,601.0,155663.0,0.18274735069822717,0.10056243460062783,0.10058216863266685,0.9980527909995673,4613.0,41250.0,9.0,216272.0,0.06279982906536802,98,98,0.0,0.0,0.0
04189,0.5619047619047619,0.39072847682119205,0.46235725510738607,0.7160798312510142,66198.0,76977.0,26247.0,92722.0,0.1569857880223432,0.08517882662114076,0.4290545436977632,0.0960679322840608,8881.0,11818.0,83564.0,157881.0,-0.3055496502000513,63,63,0.0,0.0,0.0
07533,0.08600094899495933,0.044932597510850505,0.04580147080366822,0.7031372989992128,6253.0,130271.0,2640.0,122980.0,0.15193085945538104,0.0822105927328063,0.08963438075390001,0.49814460811874506,4430.0,44993.0,4463.0,208258.0,0.037277995221955795,96,96,0.0,0.0,0.0
03460,0.0,0.0,0.0,0.0,0.0,10784.0,28796.0,222564.0,0.0,0.0,0.0,0.0,0.0,4326.0,28796.0,229022.0,0.0,120,120,0.0,0.0,0.0
04410,0.24196843958254746,0.13763600439863036,0.16584078422923623,0.4472950200476495,15395.0,77435.0,19023.0,150291.0,0.20893904053457732,0.11665657689112897,0.18455576096398424,0.24074612121564298,8286.0,36611.0,26132.0,191115.0,-0.020979427507501383,85,85,0.0,0.0,0.0
03834,0.6539357242664183,0.48581314878892734,0.5736089912584987,0.7604234793982996,37206.0,27657.0,11722.0,185559.0,0.39681950118993575,0.24752016475030034,0.6069009046917736,0.29478008502289077,14423.0,9342.0,34505.0,203874.0,-0.238292984038627,169,169,0.0,0.0,0.0
05530,0.12508555523445936,0.06671534030988886,0.07040131488837145,0.5602943180269792,8224.0,108592.0,6454.0,138874.0,0.031591505607253635,0.016049262994569435,0.0243096357226792,0.04510151246763864,662.0,26570.0,14016.0,220896.0,-0.05066607731531943,81,81,0.0,0.0,0.0
09041,0.44516847582160013,0.2863129984818355,0.3696750503851357,0.5594084224598931,26780.0,45662.0,21092.0,168610.0,0.3357822308725568,0.20176580078736267,0.48828031571394404,0.25586981951871657,12249.0,12837.0,35623.0,201435.0,-0.08454719769447283,48,48,0.0,0.0,0.0
03506,0.021752362646163703,0.010995773347800036,0.01129764895758806,0.29154143409188493,679.0,59422.0,1650.0,200393.0,0.0,0.0,0.0,0.0,0.0,18973.0,2329.0,240842.0,-0.010995773347800036,85,85,0.0,0.0,0.0
05551,0.5159425078473484,0.3476566848491595,0.4895154829495977,0.545385749767153,56214.0,58622.0,46858.0,100450.0,0.23521267821373867,0.13328103353307405,0.488080684596577,0.15494023595156783,15970.0,16750.0,87102.0,142322.0,-0.21437565131608546,75,75,0.0,0.0,0.0
01698,0.1493327375377027,0.08069129473821066,0.09240078267897402,0.3890306693530334,8689.0,85347.0,13646.0,154462.0,0.12330636379925845,0.06570404535973443,0.0890751951569221,0.2002686366689053,4473.0,45743.0,17862.0,194066.0,-0.01498724937847623,112,112,0.0,0.0,0.0
01993,0.524893882441095,0.35583465907505096,0.44915588624897834,0.6313547990927729,63746.0,78178.0,37221.0,82999.0,0.4323770380101499,0.2758169843731527,0.480820522768052,0.39280160844632406,39660.0,42824.0,61307.0,118353.0,-0.08001767470189824,60,60,0.0,0.0,0.0
02581,0.6013726421202573,0.42997345842849205,0.48294987471153944,0.7967386686709584,97524.0,104410.0,24880.0,35330.0,0.1615879539645503,0.08789539554694281,0.18693986197125653,0.142291101597987,17417.0,75752.0,104987.0,63988.0,-0.34207806288154924,55,55,0.0,0.0,0.0
01757,0.013243136833816529,0.0066657058442026376,0.007498834640562615,0.0566008872571516,370.0,48971.0,6167.0,206636.0,0.012604446962186657,0.006342193401268439,0.011733684904416612,0.013614808015909438,89.0,7496.0,6448.0,248111.0,-0.0003235124429341986,141,141,0.0,0.0,0.0
07525,0.029557655800281697,0.015000517973686936,0.021800662451068955,0.04588376956714621,724.0,32486.0,15055.0,213879.0,0.002488927930895648,0.0012460145857001502,0.0029457632992548953,0.002154762659230623,34.0,11508.0,15745.0,234857.0,-0.013754503387986786,132,132,0.0,0.0,0.0
00872,0.35424894252550965,0.21525062427675254,0.2597702332213655,0.5567335108142594,35342.0,100709.0,28139.0,97954.0,0.1834325338362111,0.10097755093213374,0.24360211827928938,0.14709913202375513,9338.0,28995.0,54143.0,169668.0,-0.1142730733446188,108,108,0.0,0.0,0.0
01350,0.3649587348558362,0.22321071806322718,0.23026842220120752,0.8792648488495903,18993.0,63489.0,2608.0,177054.0,0.598050243719535,0.42658464830168497,0.4343226995664104,0.959909263460025,20735.0,27006.0,866.0,213537.0,0.2033739302384578,146,146,0.0,0.0,0.0
01639,0.4334840582042783,0.2767185744100177,0.3659804321239299,0.5315209749238341,43092.0,74652.0,37981.0,106419.0,0.32820577880681273,0.19631948396888635,0.4594720600315254,0.2552761091855488,20696.0,24347.0,60377.0,156724.0,-0.08039909044113133,148,148,0.0,0.0,0.0
00441,0.17342489499299954,0.09494539508263738,0.13081611715716843,0.25719822812846066,6503.0,43208.0,18781.0,193652.0,0.049518810148731406,0.025387996770431506,0.09427048634243837,0.033578547698149025,849.0,8157.0,24435.0,228703.0,-0.06955739831220588,91,91,0.0,0.0,0.0
11348,0.13415102491479045,0.07189811539203705,0.0977097902097902,0.21394120349104273,5589.0,51611.0,20535.0,184409.0,0.11954471833329634,0.06357222078014017,0.14218609806301788,0.10312356453835554,2694.0,16253.0,23430.0,219767.0,-0.00832589461189688,149,149,0.0,0.0,0.0
08758,0.04661455431200548,0.023863469657207127,0.025031631501555927,0.33834065172174715,1464.0,57022.0,2863.0,200795.0,0.05129900803023146,0.026324720027148883,0.03223891230778365,0.12549110238040212,543.0,16300.0,3784.0,241517.0,0.002461250369941756,128,128,0.0,0.0,0.0
09565,0.021360871410383366,0.010795738900407522,0.03002386002120891,0.01657761838542048,453.0,14635.0,26873.0,220183.0,6.210215804999224e-05,3.1052043224444166e-05,0.00020496003279360525,3.659518407377589e-05,1.0,4878.0,27325.0,229940.0,-0.010764686857183077,76,76,0.0,0.0,0.0
04285,0.4929271571883295,0.3270758673274876,0.42708509642668685,0.5827706603991468,42896.0,57543.0,30711.0,130994.0,0.4633165489506944,0.30150422237860663,0.6126415979623299,0.3725189180376866,27420.0,17337.0,46187.0,171200.0,-0.02557164494888098,82,82,0.0,0.0,0.0
03516,0.03580942622950819,0.018231136381419367,0.04652865606070691,0.029104384394387308,699.0,14324.0,23318.0,223803.0,0.034656498944644926,0.017633812575783822,0.09501586708978906,0.021193321397343548,509.0,4848.0,23508.0,233279.0,-0.0005973238056355447,138,138,0.0,0.0,0.0
03474,0.0787521950211755,0.040990128819974624,0.0843362831858407,0.07386165471807789,1906.0,20694.0,23899.0,215645.0,0.0117191818684356,0.005894128113879004,0.11954887218045113,0.006161596589808176,159.0,1171.0,25646.0,235168.0,-0.03509600070609562,135,135,0.0,0.0,0.0
06808,0.3105361223413606,0.18380749446488323,0.27141663184287507,0.36283127680199795,22083.0,59279.0,38780.0,142002.0,0.4540696899918168,0.29371937858532143,0.5394406637878411,0.39202799730542365,23860.0,20371.0,37003.0,180910.0,0.1099118841204382,81,81,0.0,0.0,0.0
02855,0.15818991516831582,0.08588828808740732,0.13914476654926397,0.18327534421744432,6163.0,38129.0,27464.0,190388.0,0.07878112225938314,0.04100580270793037,0.23597506678539626,0.04728343295566063,1590.0,5148.0,32037.0,223369.0,-0.04488248537947696,108,108,0.0,0.0,0.0
07939,0.44456457268133726,0.2858135830477386,0.6995333451473802,0.3258114748235087,59212.0,25433.0,122525.0,54974.0,0.06175007748276931,0.03185867661615777,0.29144608526051824,0.03453341917166015,6276.0,15258.0,175461.0,65149.0,-0.2539549064315808,36,36,0.0,0.0,0.0
04036,0.5495353705348562,0.37886850831894914,0.5598856900931414,0.5395607870337314,52898.0,41582.0,45141.0,122523.0,0.08696835041262356,0.04546100971794264,0.39203662823971874,0.04890910760003672,4795.0,7436.0,93244.0,156669.0,-0.3334074986010065,86,86,0.0,0.0,0.0
01018,0.1381746531876559,0.07421461600800877,0.11486925211026504,0.17334372564302417,7784.0,59980.0,37121.0,157259.0,0.08199440240489271,0.04274982435280765,0.18286198659166217,0.05284489477786438,2373.0,10604.0,42532.0,206635.0,-0.03146479165520112,109,109,0.0,0.0,0.0
03982,0.09014553784215275,0.04720021322478254,0.05115076082818018,0.379320416707234,3896.0,72271.0,6375.0,179602.0,0.1366162595321184,0.07331622390233752,0.10223920297915558,0.2058222178950443,2114.0,18563.0,8157.0,233310.0,0.026116010677554986,149,149,0.0,0.0,0.0
08422,7.360924532121234e-05,3.680597729071201e-05,4.396860641501968e-05,0.00022588660492432798,2.0,45485.0,8852.0,207805.0,0.0,0.0,0.0,0.0,0.0,4944.0,8854.0,248346.0,-3.680597729071201e-05,95,95,0.0,0.0,0.0
07649,0.28805552315408844,0.16826218785132696,0.2567181246426529,0.3281073540158108,4939.0,14300.0,10114.0,232791.0,0.13725490196078433,0.07368421052631578,0.24198691055546231,0.09579485816780708,1442.0,4517.0,13611.0,242574.0,-0.09457797732501118,150,150,0.0,0.0,0.0
02991,0.6084196654098181,0.4372149061656556,0.6677353517822132,0.5587823935233126,83101.0,41351.0,65617.0,72075.0,0.6652578286566692,0.49841673016679366,0.7563405254006458,0.5937546228432335,88302.0,28447.0,60416.0,84979.0,0.06120182400113805,72,72,0.0,0.0,0.0
00469,0.04691056542908394,0.02401864686723369,0.030082165297245046,0.10647324483372109,1556.0,50169.0,13058.0,197361.0,0.001355740714588335,0.0006783301772137589,0.0011543456303208118,0.0016422608457643355,24.0,20767.0,14590.0,226763.0,-0.02334031669001993,144,144,0.0,0.0,0.0
04573,0.5951459101724254,0.42363538995389255,0.4738092803334648,0.8000213775354991,97301.0,108058.0,24322.0,32463.0,0.4478091413723869,0.28850133917701487,0.42960411520768654,0.46762536691250833,56874.0,75513.0,64749.0,65008.0,-0.13513405077687768,86,86,0.0,0.0,0.0
07953,0.0426704860219703,0.021800358967278752,0.029998480127669275,0.07387825761474758,1579.0,51057.0,19794.0,189714.0,0.06098338749354633,0.031450678194405286,0.08689631296520685,0.04697515557011182,1004.0,10550.0,20369.0,230221.0,0.009650319227126534,119,119,0.0,0.0,0.0
02773,0.3808543083995926,0.2352192951970529,0.24828319882611885,0.8171983289464152,33841.0,102459.0,7570.0,118274.0,0.18643572316012572,0.10280072536772114,0.3830042789580362,0.12320397961894183,5102.0,8219.0,36309.0,212514.0,-0.13241856982933176,59,59,0.0,0.0,0.0
06365,0.39815885439829224,0.24856325828035203,0.33196964453453304,0.49731521256110206,26859.0,54049.0,27149.0,154087.0,0.33726892634568356,0.20284033400809717,0.5816780045351474,0.2374833358021034,12826.0,9224.0,41182.0,198912.0,-0.045722924272254856,112,112,0.0,0.0,0.0
00337,0.029075698836972044,0.014752316372483048,0.02307785740313373,0.03928596043834861,570.0,24129.0,13939.0,223506.0,0.01101549053356282,0.005538248528902735,0.0328654570352619,0.006616582810669239,96.0,2825.0,14413.0,244810.0,-0.009214067843580313,106,106,0.0,0.0,0.0
01547,0.36162600815247875,0.2207225028912289,0.3065364864008115,0.4408546592912285,29010.0,65628.0,36794.0,130712.0,0.17703313967587855,0.09711264835851283,0.28911388917587905,0.12757583125645858,8395.0,20642.0,57409.0,175698.0,-0.12360985453271608,125,125,0.0,0.0,0.0
09875,0.30702301471264837,0.18135096778089801,0.18564380919409482,0.886910036032843,30029.0,131727.0,3829.0,96559.0,0.1930780117510829,0.10685464729896516,0.18709999168813898,0.19945064681906788,6753.0,29340.0,27105.0,198946.0,-0.07449632048193286,68,68,0.0,0.0,0.0
02496,0.7405291917913771,0.5879685237362908,0.6800085685909212,0.8128748903942702,104756.0,49295.0,24115.0,83978.0,0.3439218877135883,0.2076725035866596,0.5714053966365652,0.24599017622273436,31701.0,23778.0,97170.0,109495.0,-0.38029602014963126,57,57,0.0,0.0,0.0
02255,0.6034045195604633,0.4320538967880375,0.5306716054659211,0.6992412983965585,89398.0,79064.0,38452.0,55230.0,0.27799260925252944,0.16143520100216377,0.6420301752200867,0.1774032068830661,22681.0,12646.0,105169.0,121648.0,-0.2706186957858737,56,56,0.0,0.0,0.0
04010,0.12824998080090108,0.06851875490070936,0.0689044964424558,0.9244679542379136,7515.0,101549.0,614.0,152466.0,0.2088652125841793,0.11661054994388327,0.12483179546328335,0.6390699963095091,5195.0,36421.0,2934.0,217594.0,0.048091795043173916,93,93,0.0,0.0,0.0
07373,0.14270072717113064,0.07683238197459791,0.21395738514140797,0.10704898717542032,9449.0,34714.0,78819.0,139162.0,0.011593816631130063,0.005830708397560485,0.2932584269662921,0.005913807948520415,522.0,1258.0,87746.0,172618.0,-0.07100167357703742,19,19,0.0,0.0,0.0
10668,0.4733762356531546,0.31008048394666854,0.4769136165548218,0.4698909435751541,53514.0,58695.0,60372.0,89563.0,0.12852309513544324,0.06867468938642593,0.3829972562170637,0.07721756844563862,8794.0,14167.0,105092.0,134091.0,-0.2414057945602426,36,36,0.0,0.0,0.0
09620,0.021792860366653052,0.01101647038372952,0.017580359929262455,0.028660260033917466,507.0,28332.0,17183.0,216122.0,0.0637840243269302,0.03294261855512143,0.09271237602414834,0.04861503674392312,860.0,8416.0,16830.0,236038.0,0.021926148171391907,40,40,0.0,0.0,0.0
05010,0.48450514221619284,0.3197009476658415,0.45477762285519163,0.5183908791618689,63929.0,76643.0,59393.0,62179.0,0.48283354025403497,0.3182469116374223,0.9147781245759262,0.32797067838666255,40446.0,3768.0,82876.0,135054.0,-0.0014540360284192033,39,39,0.0,0.0,0.0
08643,0.06131572263144526,0.03162749259754212,0.03367792519426889,0.34187792097436626,2414.0,69265.0,4647.0,185818.0,0.24072461243685767,0.13683168316831684,0.20399527652037,0.29358447811924654,2073.0,8089.0,4988.0,246994.0,0.10520419057077472,138,138,0.0,0.0,0.0
07635,0.0,0.0,0.0,0.0,0.0,63545.0,6816.0,191783.0,0.0,0.0,0.0,0.0,0.0,5312.0,6816.0,250016.0,0.0,120,120,0.0,0.0,0.0
05541,0.24554781381879381,0.13995697104362853,0.1861099907137296,0.3607651326435987,19841.0,86768.0,35156.0,120379.0,0.28106380606721254,0.1635103193819901,0.4408907197264107,0.20628397912613416,11345.0,14387.0,43652.0,192760.0,0.023553348338361563,62,62,0.0,0.0,0.0
08565,0.4452917102534456,0.2864149584781826,0.4401342342750896,0.4505714895869119,48527.0,61728.0,59174.0,92715.0,0.1263319834392887,0.06742495592745539,0.336358525419645,0.07777086563727356,8376.0,16526.0,99325.0,137917.0,-0.2189900025507272,54,54,0.0,0.0,0.0
02742,0.0,0.0,0.0,0.0,0.0,34014.0,4310.0,223820.0,0.0,0.0,0.0,0.0,0.0,6630.0,4310.0,251204.0,0.0,127,127,0.0,0.0,0.0
07044,0.10879542351946955,0.05752705173859839,0.05754050114145832,0.9959533444417996,4184.0,68530.0,17.0,189413.0,0.2837837837837838,0.16535433070866143,0.16635882280507328,0.9647702927874315,4053.0,20310.0,148.0,237633.0,0.10782727897006303,137,137,0.0,0.0,0.0
07696,0.20306375891921383,0.11300554481392115,0.12222606291047355,0.5996777749512423,7072.0,50788.0,4721.0,199563.0,0.44904276985743385,0.2895262107364219,0.43207650701575606,0.4673959128296447,5512.0,7245.0,6281.0,243106.0,0.1765206659225007,98,98,0.0,0.0,0.0
00935,0.47253030898686776,0.3093549494088163,0.3872468937327927,0.6059868407651097,59497.0,94144.0,38685.0,69818.0,0.29025891414228244,0.16976775989252763,0.44680625833633264,0.2149477500967591,21104.0,26129.0,77078.0,137833.0,-0.13958718951628868,109,109,0.0,0.0,0.0
05373,0.5837734200357159,0.4122034060753458,0.5758278173404406,0.5919413667331911,68812.0,50689.0,47436.0,95207.0,0.4799547120983394,0.3157502713362512,0.6429252368846776,0.38289691005436655,44511.0,24721.0,71737.0,121175.0,-0.09645313473909456,51,51,0.0,0.0,0.0
08615,0.0308030803080308,0.01564245810055866,0.01609049773755656,0.359700586688246,1778.0,108722.0,3165.0,148479.0,0.0,0.0,0.0,0.0,0.0,13150.0,4943.0,244051.0,-0.01564245810055866,111,111,0.0,0.0,0.0
03333,0.04727272727272727,0.024208566108007448,0.031466366450886574,0.09498725573491928,1677.0,51618.0,15978.0,192871.0,0.00028263557675322384,0.00014133776191654006,0.0003755868544600939,0.00022656471254602095,4.0,10646.0,17651.0,233843.0,-0.02406722834609091,56,56,0.0,0.0,0.0
02608,0.19122703505523794,0.10572196663779625,0.14882785593830905,0.2674082820034994,18798.0,107509.0,51499.0,84338.0,0.016782843125349136,0.008462433408854326,0.05734915760644037,0.009829722463263012,691.0,11358.0,69606.0,180489.0,-0.09725953322894192,48,48,0.0,0.0,0.0
08855,0.2906293812284491,0.17002128036885972,0.18906061278315955,0.6280193236714976,15340.0,65798.0,9086.0,171920.0,0.5395755912895495,0.36946492271105824,0.46851628468033774,0.6360435601408335,15536.0,17624.0,8890.0,220094.0,0.19944364234219852,100,100,0.0,0.0,0.0
01546,0.19899333616900608,0.11049006101161189,0.20907973632266955,0.18983532276062626,5614.0,21237.0,23959.0,211334.0,0.06356833181454175,0.03282756260338828,0.1733433734939759,0.038920637067595444,1151.0,5489.0,28422.0,227082.0,-0.07766249840822362,190,190,0.0,0.0,0.0
05574,0.1613804351598015,0.08777260845357517,0.11634539609471749,0.2632979476291578,9301.0,70642.0,26024.0,156177.0,0.09456737300707382,0.04963039451902116,0.10545378560980706,0.08571832979476292,3028.0,25686.0,32297.0,201133.0,-0.038142213934554005,137,137,0.0,0.0,0.0
01001,0.02437158702165183,0.012336118908570752,0.012550195310362939,0.41968532747896087,1147.0,90246.0,1586.0,169165.0,0.03093287024474955,0.015709403593870578,0.018159806295399514,0.10428100987925357,285.0,15409.0,2448.0,244002.0,0.0033732846852998263,62,62,0.0,0.0,0.0
09241,0.27014218009478674,0.15616438356164383,0.19405463754878352,0.44438106103822017,14022.0,58236.0,17532.0,172354.0,0.33811705714532725,0.20345419549497998,0.531602555389425,0.24789250174304367,7822.0,6892.0,23732.0,223698.0,0.047289811933336146,144,144,0.0,0.0,0.0
07958,0.23951142205558348,0.1360482681093234,0.16529728114729608,0.43466427228597887,15491.0,78225.0,20148.0,148280.0,0.09541644373105047,0.050098323813091115,0.10143782588086586,0.09006986728022671,3210.0,28435.0,32429.0,198070.0,-0.08594994429623229,104,104,0.0,0.0,0.0
11579,0.23909047488095408,0.13577669464011244,0.1560088775558389,0.5114716537139672,16519.0,89366.0,15778.0,140481.0,0.0904001606667671,0.04733984513652438,0.07601697240927995,0.11149642381645354,3601.0,43770.0,28696.0,186077.0,-0.08843684950358806,126,126,0.0,0.0,0.0
01198,0.15643424114492796,0.08485416936908172,0.10221276698037236,0.33317661808493965,8504.0,74695.0,17020.0,161925.0,0.08293332905235107,0.04326053460172841,0.07025321619930916,0.10119887165021156,2583.0,34184.0,22941.0,202436.0,-0.0415936347673533,90,90,0.0,0.0,0.0
00338,0.10041921517421483,0.05286388237677636,0.05950868276154172,0.3213123405752485,3653.0,57733.0,7716.0,193042.0,0.09017124888454511,0.04721431114275543,0.0872245971719829,0.09332395109508312,1061.0,11103.0,10308.0,239672.0,-0.005649571234020934,98,98,0.0,0.0,0.0
01914,0.48464507298810966,0.3198228113751378,0.7373828627426962,0.3609347713662562,48157.0,17151.0,85266.0,111570.0,0.012602284164004727,0.006341098242987362,0.23382949932341002,0.006475645128650983,864.0,2831.0,132559.0,125890.0,-0.31348171313215045,58,58,0.0,0.0,0.0
01608,0.5707167433569622,0.399302755912363,0.4237896473601261,0.8735881621360948,68837.0,93595.0,9961.0,89751.0,0.7205172154563223,0.5631316217461197,0.6847742835259554,0.7601969593136881,59902.0,27575.0,18896.0,155771.0,0.16382886583375672,87,87,0.0,0.0,0.0
00207,0.11847326578757175,0.0629665598863587,0.08802253247147981,0.18113585188891668,4344.0,45007.0,19638.0,193155.0,0.07371373788303803,0.038267281105990786,0.24826596508012438,0.04328246184638479,1038.0,3143.0,22944.0,235019.0,-0.024699278780367914,78,78,0.0,0.0,0.0
00816,0.09164208140067685,0.04802143272365772,0.0502809558674347,0.5165851005981512,5700.0,107663.0,5334.0,143447.0,0.2398192220779845,0.1362469270691068,0.16319853422326921,0.45205727750589086,4988.0,25576.0,6046.0,225534.0,0.08822549434544907,113,113,0.0,0.0,0.0
11889,0.409805091978235,0.25770746083449664,0.3791545335877096,0.4458470191709066,41536.0,68013.0,51626.0,100969.0,0.12338883664324836,0.06575088065795098,0.1733975978543942,0.09576866104205578,8922.0,42532.0,84240.0,126450.0,-0.19195658017654565,52,52,0.0,0.0,0.0
01811,0.13629645553973072,0.07313204717824495,0.13156939040207521,0.14137585015051846,5072.0,33478.0,30804.0,192790.0,0.040653833544096296,0.020748673327915093,0.12716085555230003,0.02419444754153194,868.0,5958.0,35008.0,220310.0,-0.05238337385032986,115,115,0.0,0.0,0.0
10271,0.13912023016353725,0.07476046137884737,0.12372487627512373,0.1588914349950279,3675.0,26028.0,19454.0,212987.0,0.025377838842641234,0.01285199738048461,0.19418676561533704,0.013576030092092179,314.0,1303.0,22815.0,237712.0,-0.061908463998362764,129,129,0.0,0.0,0.0
02729,0.24860695759538834,0.14194812447927635,0.14630693882173088,0.8265273483313786,15504.0,90465.0,3254.0,152921.0,0.04065827686350435,0.020750988142292492,0.051504251144538916,0.033585670114084656,630.0,11602.0,18128.0,231784.0,-0.12119713633698385,105,105,0.0,0.0,0.0
04539,0.6054894578919001,0.43419496634035754,0.4951712432403984,0.779053158897077,75269.0,76737.0,21347.0,88791.0,0.35917189662621835,0.21889672409176114,0.6140421163332248,0.2538192431895338,24523.0,15414.0,72093.0,150114.0,-0.2152982422485964,128,128,0.0,0.0,0.0
09862,0.12637833373396695,0.06745136225171228,0.0839564003242951,0.25545699192664206,10252.0,111859.0,29880.0,110153.0,0.06199033246005682,0.03198659609306576,0.04403762071026391,0.10465463968902622,4200.0,91173.0,35932.0,130839.0,-0.035464766158646514,73,73,0.0,0.0,0.0
00864,0.5196430821667096,0.3510255370895825,0.43258769344509607,0.6505649377967426,43299.0,56794.0,23257.0,138794.0,0.43864603900594,0.28093952426179475,0.49228640350057035,0.3955466073682313,26326.0,27151.0,40230.0,168437.0,-0.07008601282778776,87,87,0.0,0.0,0.0
06645,0.04018275346360544,0.020503316589656935,0.027895991876504614,0.07181249449290686,2445.0,85202.0,31602.0,142895.0,0.05708471483956985,0.029380959260329385,0.040695856626521094,0.09557376567685846,3254.0,76705.0,30793.0,151392.0,0.00887764267067245,71,71,0.0,0.0,0.0
05365,0.20896073561860093,0.1166701030927835,0.1929220436064847,0.22790800708877074,11317.0,47344.0,38339.0,165144.0,0.16082764355042453,0.08744566162406538,0.39035938834122486,0.10127678427581763,5029.0,7854.0,44627.0,204634.0,-0.029224441468718124,92,92,0.0,0.0,0.0
02395,0.5853553064947989,0.4137825626337366,0.4770053630821068,0.7573945902028866,98815.0,108342.0,31652.0,23335.0,0.2762518043796517,0.16026227327259554,0.41583578616449124,0.20682624725026252,26984.0,37907.0,103483.0,93770.0,-0.253520289361141,30,30,0.0,0.0,0.0
09062,0.34207978936227884,0.20633067090164572,0.23780427624200334,0.6092173313412251,26504.0,84949.0,17001.0,133690.0,0.32193067644469453,0.19184587425901087,0.26599574046854846,0.4076542926100448,17735.0,48939.0,25770.0,169700.0,-0.014484796642634856,65,65,0.0,0.0,0.0
01410,0.5732676788071288,0.4018046484906346,0.5830901645374071,0.5637706414405443,47558.0,34004.0,36799.0,143783.0,0.10975014125781705,0.05806118209729554,0.2856145947562556,0.06792560190618444,5730.0,14332.0,78627.0,163455.0,-0.343743466393339,77,77,0.0,0.0,0.0
07148,0.1798832027047795,0.09883058217587706,0.13941043855544685,0.2534686238418586,16387.0,101158.0,48264.0,96335.0,0.0705558984870896,0.03656799304616573,0.1428099952852428,0.046851556820466815,3029.0,18181.0,61622.0,179312.0,-0.06226258912971133,96,96,0.0,0.0,0.0
02606,0.3212605317868476,0.19137009516360318,0.2528667749397116,0.44036854510392115,10276.0,30362.0,13059.0,208447.0,0.1674081548410769,0.09135048553408749,0.18006018450002467,0.15641739875723162,3650.0,16621.0,19685.0,222188.0,-0.10001960962951569,100,100,0.0,0.0,0.0
06765,0.5546797465455378,0.38377636044315916,0.5397329470536891,0.5704779664343901,29063.0,24784.0,21882.0,186415.0,0.46153279744738296,0.2999952138606595,0.6157170923379175,0.3691039356168417,18804.0,11736.0,32141.0,199463.0,-0.08378114658249963,116,116,0.0,0.0,0.0
04543,0.11611662158100389,0.061636841702192836,0.06724783801473352,0.4248636283653,4829.0,66980.0,6537.0,183798.0,0.05348972631228683,0.02747980682935168,0.050725781003471124,0.056572232975541085,643.0,12033.0,10723.0,238745.0,-0.034157034872841156,111,111,0.0,0.0,0.0
03447,0.07457528111765566,0.0387318602416949,0.057916225616210494,0.1046877135438021,766.0,12460.0,6551.0,242367.0,0.0,0.0,0.0,0.0,0.0,980.0,7317.0,253847.0,-0.0387318602416949,112,112,0.0,0.0,0.0
04523,0.06671139138601906,0.03450669035589362,0.03985123913949537,0.20464273954560422,1243.0,29948.0,4831.0,226122.0,0.051335704819697285,0.026344047533824896,0.044535882851264676,0.060586104708594005,368.0,7895.0,5706.0,248175.0,-0.008162642822068723,159,159,0.0,0.0,0.0
02684,0.12563966825480855,0.06703069101864055,0.0748773077821921,0.39011323511506146,3204.0,39586.0,5009.0,214345.0,0.08646407442989332,0.04518549836169538,0.07393635420269803,0.10410325094362596,855.0,10709.0,7358.0,243222.0,-0.02184519265694517,122,122,0.0,0.0,0.0
06588,0.0910123272319761,0.04767570190749771,0.056544745636836244,0.23310371220818982,6091.0,101629.0,20039.0,134385.0,0.06971549686149833,0.03611669510279237,0.060730009941769636,0.08182166092613853,2138.0,33067.0,23992.0,202947.0,-0.01155900680470534,117,117,0.0,0.0,0.0
02280,0.532619286042924,0.36297279974916197,0.5126303245006805,0.5542303549175192,78719.0,74840.0,63314.0,45271.0,0.04157572767012709,0.021229172992563976,0.20486284289276807,0.023135468517879648,3286.0,12754.0,138747.0,107357.0,-0.341743626756598,30,30,0.0,0.0,0.0
07223,0.09108247765629505,0.04771420273017717,0.07493568339810608,0.11609893992932863,4107.0,50700.0,31268.0,176069.0,0.003607138336919377,0.001806827907566488,0.0040958574354183885,0.003222614840989399,114.0,27719.0,35261.0,199050.0,-0.04590737482261068,118,118,0.0,0.0,0.0
02905,0.0481831492080394,0.02468630660120022,0.03770721109490789,0.06671932596103212,1267.0,32334.0,17723.0,210820.0,0.03073229291716686,0.015605949768349184,0.064,0.02022116903633491,384.0,5616.0,18606.0,237538.0,-0.009080356832851036,120,120,0.0,0.0,0.0
00505,0.15450367742403967,0.08371930929040382,0.10875184368474086,0.26670725592722583,7447.0,61030.0,20475.0,173192.0,0.12066813861956416,0.06420799918271441,0.1828895678742907,0.09003653033450326,2514.0,11232.0,25408.0,222990.0,-0.019511310107689403,114,114,0.0,0.0,0.0
06753,0.12954561565180406,0.06925890133212059,0.07592754165108646,0.4408926417370326,3655.0,44483.0,4635.0,209371.0,0.4630366876952288,0.3012672351956643,0.47032474804031354,0.4559710494571773,3780.0,4257.0,4510.0,249597.0,0.2320083338635437,140,140,0.0,0.0,0.0
03464,0.3433463445908997,0.20725294238167868,0.23046350910057464,0.6729745712596097,27312.0,91197.0,13272.0,130363.0,0.18028794804972872,0.0990749870873832,0.21358437088774168,0.15597279716144294,6330.0,23307.0,34254.0,198253.0,-0.10817795529429548,105,105,0.0,0.0,0.0
07305,0.3244579522154522,0.1936435750117165,0.2737903869043967,0.3981370782105958,22312.0,59181.0,33729.0,146922.0,0.41437945791726105,0.26133582841514325,0.44362540471196726,0.3887510929498046,21786.0,27323.0,34255.0,178780.0,0.06769225340342674,99,99,0.0,0.0,0.0
10188,0.23092086105324466,0.13053167377844183,0.14278690000484776,0.603306510607169,20618.0,123779.0,13557.0,104190.0,0.2974370369104287,0.17469958137153527,0.21007267196214297,0.5092026335040234,17402.0,65436.0,16773.0,162533.0,0.04416790759309344,70,70,0.0,0.0,0.0
01779,0.24757482652673735,0.14127554789460725,0.17523090455944876,0.42165451552210725,14343.0,67509.0,19673.0,160619.0,0.17422813461729378,0.0954271110869447,0.19926576337900234,0.15478010348071497,5265.0,21157.0,28751.0,206971.0,-0.045848436807662554,94,94,0.0,0.0,0.0
02322,0.0682960434639653,0.03535533653222669,0.2081901489117984,0.04084805124267226,2181.0,8295.0,51212.0,200456.0,0.0035688793718772305,0.001787629603146228,0.037778617302606725,0.0018729046878804337,100.0,2547.0,53293.0,206204.0,-0.03356770692908046,45,45,0.0,0.0,0.0
09794,0.4003875312198392,0.2503028321135609,0.3359980710019661,0.4953062340503099,54345.0,107397.0,55375.0,45027.0,0.2146996659166837,0.1202596906625931,0.2850461649870255,0.17220196864746629,18894.0,47390.0,90826.0,105034.0,-0.13004314145096782,105,105,0.0,0.0,0.0
04577,0.43029952138335653,0.27412842592911346,0.3284524005939614,0.623696459741306,55741.0,113967.0,33631.0,58805.0,0.10953257673600615,0.057939415082272225,0.3019544467451139,0.06690014769726536,5979.0,13822.0,83393.0,158950.0,-0.21618901084684122,83,83,0.0,0.0,0.0
03479,0.346718029296974,0.2097150004905327,0.2316376910729887,0.6890424481737414,34202.0,113451.0,15435.0,99056.0,0.4481471038083275,0.28878194892576725,0.38910321087304883,0.5283155710457924,26224.0,41172.0,23413.0,171335.0,0.07906694843523454,92,92,0.0,0.0,0.0
11832,0.14165330702511614,0.07622544682357105,0.08840884601570116,0.3561389003720546,5169.0,53298.0,9345.0,194332.0,0.27224510523049145,0.15757160118872668,0.2305083126313778,0.3324376464103624,4825.0,16107.0,9689.0,231523.0,0.08134615436515563,109,109,0.0,0.0,0.0
04427,0.20493278973075527,0.11416441042339417,0.14846875511779706,0.33070168581776493,12692.0,72794.0,25687.0,150971.0,0.2684747881650229,0.1550510418964722,0.4023838026336335,0.20143828656296411,7731.0,11482.0,30648.0,212283.0,0.04088663147307803,63,63,0.0,0.0,0.0
00210,0.49224391165675085,0.3264744977403061,0.453856225713803,0.5377253449764178,42982.0,51722.0,36951.0,130489.0,0.48593135388910036,0.3209440702291036,0.6636700387756428,0.3832834999311924,30637.0,15526.0,49296.0,166685.0,-0.005530427511202529,107,107,0.0,0.0,0.0
06953,0.1972397427090489,0.10940985741800496,0.21281298008247312,0.1837903263349006,7896.0,29207.0,35066.0,189975.0,0.20858455083256158,0.11643561013694584,0.5547401226500452,0.1284390857036451,5518.0,4429.0,37444.0,214753.0,0.007025752718940875,119,119,0.0,0.0,0.0
04357,0.2219779961446236,0.12484547191390058,0.21461202781944633,0.22986756901504454,18885.0,69111.0,63271.0,110877.0,0.05501486740034452,0.028285495080783464,0.2790827117889347,0.03051511758118701,2507.0,6476.0,79649.0,173512.0,-0.09655997683311712,51,51,0.0,0.0,0.0
05491,0.08319050001230144,0.04340050485603046,0.04575139815984124,0.4578857091270199,5072.0,105788.0,6005.0,145279.0,0.11858513631393361,0.06302976478117205,0.06863302804482621,0.43567753001715265,4826.0,65490.0,6251.0,185577.0,0.019629259925141584,57,57,0.0,0.0,0.0
09127,0.14947321228424118,0.08077333074910359,0.10874103065883887,0.23899641577060932,6668.0,54652.0,21232.0,179592.0,0.1626886205315223,0.08854711419606352,0.20818197060302912,0.1335125448028674,3725.0,14168.0,24175.0,220076.0,0.007773783446959934,154,154,0.0,0.0,0.0
06538,0.12940753178220196,0.06917997050714882,0.08835330403690259,0.2417295198267493,3237.0,33400.0,10154.0,215353.0,0.17995040736804818,0.09887115609186455,0.22103774611117155,0.15174370846090657,2032.0,7161.0,11359.0,241592.0,0.02969118558471573,108,108,0.0,0.0,0.0
08858,0.12194130894415325,0.06492944524305454,0.06568043386329744,0.8502689204763734,8853.0,125936.0,1559.0,125796.0,0.05602886501762906,0.028821860576719503,0.032682981481777874,0.19611986169804072,2042.0,60437.0,8370.0,191295.0,-0.036107584666335034,52,52,0.0,0.0,0.0
00897,0.2864611881772568,0.1671751968503937,0.21553884711779447,0.42694652171180797,6794.0,24727.0,9119.0,221504.0,0.12415382399539103,0.06618550368550369,0.2630187144019528,0.08125432036699554,1293.0,3623.0,14620.0,242608.0,-0.10098969316489001,184,184,0.0,0.0,0.0
02867,0.2954231802488053,0.17331174331698715,0.205093934331208,0.527945513270608,30076.0,116569.0,26892.0,88607.0,0.05488326168888246,0.02821592175312616,0.08738161880296001,0.040004915040022467,2279.0,23802.0,54689.0,181374.0,-0.145095821563861,41,41,0.0,0.0,0.0
10509,0.5578142636055806,0.38678392770695497,0.5358955440785208,0.5816024458895467,47938.0,41516.0,34486.0,138204.0,0.05986528592375366,0.030856252140335133,0.5363300492610837,0.03170193147626905,2613.0,2259.0,79811.0,177461.0,-0.35592767556661986,85,85,0.0,0.0,0.0
05698,0.2630753407045513,0.15146042132377976,0.21292403746097815,0.3441305079044736,10231.0,37819.0,19499.0,194595.0,0.08829359120667908,0.046185748397637304,0.41199551569506726,0.04944500504540868,1470.0,2098.0,28260.0,230316.0,-0.10527467292614245,98,98,0.0,0.0,0.0
07346,0.14401178213693186,0.07759304760174766,0.08908597960550146,0.3755668671911152,8116.0,82987.0,13494.0,157547.0,0.10448055422568926,0.055119748024009034,0.1334628390531693,0.08583988894030542,1855.0,12044.0,19755.0,228490.0,-0.02247329957773863,105,105,0.0,0.0,0.0
01645,0.08266797690701388,0.04311615093856109,0.04614736594635895,0.39628196500672946,4711.0,97375.0,7177.0,152881.0,0.02508170151712411,0.012700121081662855,0.018330808963454893,0.039703903095558546,472.0,25277.0,11416.0,224979.0,-0.030416029856898234,135,135,0.0,0.0,0.0
02814,0.08116766709459539,0.042300552113219377,0.058933190017130765,0.13034434084915122,3509.0,56033.0,23412.0,179190.0,0.00986599134747283,0.0049574507568728296,0.01702011468098662,0.00694625013929646,187.0,10800.0,26734.0,224423.0,-0.037343101356346546,138,138,0.0,0.0,0.0
02467,0.09015359224851598,0.04720462958833237,0.04943887143674604,0.5108912085922886,8467.0,162795.0,8106.0,82776.0,0.21278918992697746,0.11906216587750114,0.1483384476319608,0.3762746636094853,6236.0,35803.0,10337.0,209768.0,0.07185753628916877,53,53,0.0,0.0,0.0
02990,0.7541930422939109,0.6053851582933929,0.7466220636844112,0.76191913796707,131236.0,44537.0,41008.0,45363.0,0.7293076317859954,0.5739450790997183,0.8376306515256484,0.6457931771208286,111234.0,21562.0,61010.0,68338.0,-0.03144007919367464,58,58,0.0,0.0,0.0
08998,0.3089688922105112,0.18271035392979523,0.19845465903860066,0.6972483423052931,30179.0,121891.0,13104.0,96970.0,0.2969175340272218,0.17434125473050796,0.2619135900559705,0.34272116073285125,14834.0,41803.0,28449.0,177058.0,-0.008369099199287272,99,99,0.0,0.0,0.0
04326,0.3184140860678446,0.18935344511971883,0.2020470349246035,0.7508710801393729,10344.0,40852.0,3432.0,207516.0,0.11990692608544977,0.06377712239309037,0.18854118013389382,0.08790650406504065,1211.0,5212.0,12565.0,243156.0,-0.12557632272662844,137,137,0.0,0.0,0.0
03596,0.5336821957258503,0.3639607963363927,0.6437970800816831,0.4557336340407155,75979.0,42038.0,90739.0,53388.0,0.06729533700765661,0.03481925526244938,0.29316247224278313,0.03801029282980842,6337.0,15279.0,160381.0,80147.0,-0.32914154107394333,34,34,0.0,0.0,0.0
00341,0.23466897471551404,0.13293199482385848,0.15421841781358397,0.49059682012339817,16539.0,90705.0,17173.0,137727.0,0.31106513106847816,0.18417828703203257,0.3192991223412562,0.3032451352634077,10223.0,21794.0,23489.0,206638.0,0.05124629220817409,75,75,0.0,0.0,0.0
04206,0.34954778435632033,0.21178909697788253,0.27744094843130185,0.47229789356559104,24619.0,64117.0,27507.0,145901.0,0.40389920259710305,0.25305369388594356,0.3756165965520086,0.43678778344779956,22768.0,37847.0,29358.0,172171.0,0.04126459690806103,37,37,0.0,0.0,0.0
10906,0.3264568756470564,0.1950692939408282,0.2087194477268487,0.7489160928334608,23492.0,89061.0,7876.0,141715.0,0.4402874693302243,0.28228757586576225,0.4847312157553929,0.40330910482019894,12651.0,13448.0,18717.0,217328.0,0.08721828192493405,103,103,0.0,0.0,0.0
01887,0.581561275436751,0.41000098584859157,0.6025790475437799,0.561960273686538,91495.0,60344.0,71319.0,38986.0,0.2953847052922241,0.17328526043928416,0.7131569664902998,0.18626776567125677,30327.0,12198.0,132487.0,87132.0,-0.2367157254093074,83,83,0.0,0.0,0.0
04221,0.31067621876638124,0.1839056681836988,0.39551761532686375,0.25580433414261305,14224.0,21739.0,41381.0,184800.0,0.6714040308272865,0.505348538160442,0.7022621946429974,0.6431436021940473,35762.0,15162.0,19843.0,191377.0,0.3214428699767432,150,150,0.0,0.0,0.0
00504,0.6484883078126192,0.4798244155498653,0.5244014130576998,0.8495025022078304,72144.0,65430.0,12781.0,111789.0,0.3707376478775226,0.22754938601174587,0.5644217572415786,0.2760200176626435,23441.0,18090.0,61484.0,159129.0,-0.2522750295381194,80,80,0.0,0.0,0.0
02850,0.2571690425449687,0.14755822499303073,0.1824434417497023,0.4355713484196746,11645.0,52183.0,15090.0,183226.0,0.13236827212343252,0.07087493221906797,0.324948815443112,0.08311202543482327,2222.0,4616.0,24513.0,230793.0,-0.07668329277396276,128,128,0.0,0.0,0.0
03221,0.137172605332968,0.07363677693685984,0.09025057768891656,0.28572169762374183,5507.0,55512.0,13767.0,187358.0,0.026582278481012658,0.013470173187940988,0.025956689409670722,0.027238767251219258,525.0,19701.0,18749.0,223169.0,-0.06016660374891886,129,129,0.0,0.0,0.0
05433,0.22584067666735433,0.12729447333012175,0.22914299384008133,0.2226321905868681,7663.0,25779.0,26757.0,201945.0,0.1256268236856359,0.06702337894776092,0.15758558716521281,0.10444509006391632,3595.0,19218.0,30825.0,208506.0,-0.060271094382360835,95,95,0.0,0.0,0.0
00602,0.2515738920546445,0.14388591597404077,0.17223168654173765,0.4664575066900434,15165.0,72885.0,17346.0,156748.0,0.05427720628045479,0.027895652173913044,0.04846624283884068,0.06167143428378087,2005.0,39364.0,30506.0,190269.0,-0.11599026380012772,95,95,0.0,0.0,0.0
02710,0.6118095238095238,0.4407244785949506,0.48784933171324424,0.8202247191011236,71467.0,75027.0,15664.0,99986.0,0.7456443329750388,0.5944441059078029,0.6386647462232188,0.8956743294579427,78041.0,44153.0,9090.0,130860.0,0.15371962731285232,86,86,0.0,0.0,0.0
02131,0.22636449271347037,0.1276274024643223,0.2343667531037015,0.21889065112092246,10213.0,33364.0,36445.0,182122.0,0.04004110544280104,0.020429563882178904,0.13922919857069935,0.023382913969737237,1091.0,6745.0,45567.0,208741.0,-0.1071978385821434,50,50,0.0,0.0,0.0
06294,0.08390849403437972,0.043791485830993106,0.04475445791580716,0.6705350598582946,5489.0,117158.0,2697.0,136800.0,0.11098282324102529,0.05875162206382939,0.06493317536530108,0.3816271683361837,3124.0,44987.0,5062.0,208971.0,0.014960136232836284,125,125,0.0,0.0,0.0
00559,0.08190464796315128,0.04270103041341284,0.05154421840413197,0.19928970656730322,3423.0,62986.0,13753.0,181982.0,0.04792332268370607,0.024549918166939442,0.05593536357986327,0.04191895668374476,720.0,12152.0,16456.0,232816.0,-0.018151112246473398,131,131,0.0,0.0,0.0
01500,0.10275720334891934,0.05416133534954054,0.0626408367806814,0.28576908323743766,3725.0,55741.0,9310.0,193368.0,0.10697799379625332,0.0565117539287281,0.07847212268883474,0.16800920598388952,2190.0,25718.0,10845.0,223391.0,0.002350418579187559,91,91,0.0,0.0,0.0
01890,0.23873330168847906,0.1355463666674367,0.16050001823553012,0.4657617611261047,17603.0,92073.0,20191.0,132277.0,0.10402123684986726,0.05486413607135449,0.11085830614016705,0.09797851510821824,3703.0,29700.0,34091.0,194650.0,-0.0806822305960822,80,80,0.0,0.0,0.0
00844,0.38522665703449516,0.2385639190247176,0.2830455745101219,0.6028640517539177,38394.0,97252.0,25292.0,101206.0,0.6775053627913178,0.5122934670051227,0.551638050128281,0.8777910372766385,55903.0,45437.0,7783.0,153021.0,0.27372954798040505,116,116,0.0,0.0,0.0
02720,0.11340600652919004,0.0601115061967066,0.06570444790340078,0.41389351081530784,6965.0,99040.0,9863.0,146276.0,0.07829829875424174,0.040744252192462665,0.06347623795280824,0.10215117661041122,1719.0,25362.0,15109.0,219954.0,-0.019367254004243932,80,80,0.0,0.0,0.0
04604,0.6389161535046525,0.4694171892126973,0.6764337238450914,0.6053416198831413,105778.0,50598.0,68963.0,36805.0,0.2527186428845007,0.1446353455643237,0.8268718274111675,0.14915217378863574,26063.0,5457.0,148678.0,81946.0,-0.3247818436483736,96,96,0.0,0.0,0.0
04232,0.763727473230713,0.617766274582303,0.7438574425813489,0.7846881806280417,133663.0,46026.0,36676.0,45779.0,0.40146835377282936,0.25114820511709524,0.76434034416826,0.2722277341066931,46371.0,14297.0,123968.0,77508.0,-0.3666180694652078,48,48,0.0,0.0,0.0
05229,0.2570057893431618,0.1474507418164691,0.23860334397180014,0.27848406226834693,15027.0,47952.0,38933.0,160232.0,0.03807557424585162,0.019407258376537957,0.10529851372911243,0.02323943661971831,1254.0,10655.0,52706.0,197529.0,-0.12804348343993116,114,114,0.0,0.0,0.0
01496,0.3200784265669996,0.1905317674520388,0.2537435641228472,0.433372837165205,18284.0,53773.0,23906.0,166181.0,0.2433443564819454,0.13852706839833426,0.4119543089798688,0.17267124911116377,7285.0,10399.0,34905.0,209555.0,-0.052004699053704556,72,72,0.0,0.0,0.0
05456,0.2587969796971969,0.14863113415240395,0.19022677694964552,0.40466465256797585,16743.0,71273.0,24632.0,149496.0,0.24534342258440048,0.13982418311494443,0.27100564047111086,0.22412084592145015,9273.0,24944.0,32102.0,195825.0,-0.008806951037459515,98,98,0.0,0.0,0.0
00889,0.0,0.0,0.0,0.0,0.0,3655.0,8024.0,250465.0,0.0,0.0,0.0,0.0,0.0,216.0,8024.0,253904.0,0.0,160,160,0.0,0.0,0.0
03104,0.08583361000926136,0.044841248105749396,0.07739577096398072,0.09633639287675531,2456.0,29277.0,23038.0,207373.0,0.09356991697867492,0.04908122139490402,0.2752346293813446,0.0563662038126618,1437.0,3784.0,24057.0,232866.0,0.004239973289154625,99,99,0.0,0.0,0.0
