tp,fp,fn,tn,precision,recall,f1,iou,stem,mean_token_prob,mean_pixel_prob,mean_within_token_variance,boundary_inconsistency,interior_inconsistency
1886,77596,4089,178573,0.023728642963186632,0.31564853556485356,0.044139157705044646,0.02256763709899367,01658,0.3164594769477844,0.3401300013065338,2.3628477427772295e-15,0.29235604405403137,0.0
5679,38565,2835,215065,0.12835638730675344,0.6670190274841438,0.21528488570453766,0.12062703116038999,01992,0.19588196277618408,0.21801498532295227,8.740718112009649e-16,0.20166976749897003,0.0
5279,135913,980,119972,0.03738880389823786,0.843425467327049,0.07160344792507341,0.03713108066285907,01770,0.42500975728034973,0.5128917694091797,3.804002886793571e-15,0.3658214509487152,0.0
10092,65098,32178,154776,0.13421997606064637,0.23875088715400994,0.17183722118167888,0.09399448625288727,00912,0.29251939058303833,0.2904481291770935,1.4924546280061655e-15,0.2770521640777588,0.0
19622,193117,1659,47746,0.09223508618541969,0.9220431370706264,0.16769506879753865,0.09152137613224004,02311,0.6354323625564575,0.7231564521789551,5.810179208895791e-15,0.13608740270137787,0.0
23061,62323,49652,127108,0.27008573034760613,0.3171509908819606,0.29173229093531183,0.17077668177374922,02545,0.40808171033859253,0.3986470699310303,2.5367328951395735e-15,0.35870638489723206,0.0
72500,41029,37562,111053,0.6386033524473923,0.6587196307535752,0.6485055301868142,0.4798432732591617,01031,0.3823358416557312,0.41293981671333313,2.7115401372001112e-15,0.2816260755062103,0.0
8229,20279,30276,203360,0.2886558159113231,0.21371250486949747,0.24559413845074834,0.13998707131192162,10345,0.18236391246318817,0.19418281316757202,1.5353373579355223e-15,0.22018957138061523,0.0
49070,81932,36541,94601,0.3745744339781072,0.573174008012989,0.4530660671335515,0.2928800367666808,08519,0.39832672476768494,0.4472809433937073,3.456392712234352e-15,0.36008673906326294,0.0
21398,63078,18503,159165,0.25330271319664754,0.5362772862835518,0.3440829092195502,0.2077899377542994,01577,0.24718314409255981,0.3685896098613739,1.5601492947635447e-15,0.1899687647819519,0.0
4949,76766,11613,168816,0.06056415590772808,0.2988165680473373,0.10071532505062224,0.05302803017315275,02239,0.4261905550956726,0.3732759356498718,4.179385583815732e-15,0.3671431839466095,0.0
22504,50253,34470,154917,0.3093035721648776,0.39498718713799275,0.34693326961173504,0.20987251345276842,01332,0.3364785313606262,0.3069050908088684,2.359296131548768e-15,0.3004131615161896,0.0
61173,65600,37706,97665,0.48253965749804767,0.6186652373102479,0.54218885717831,0.3719198195514321,01147,0.41274604201316833,0.4805371165275574,3.789213889175532e-15,0.2920769155025482,0.0
62612,7403,42125,150004,0.8942655145326002,0.59780211386616,0.716581212232192,0.5583377920456573,07656,0.2670818567276001,0.26111990213394165,5.129888604151934e-15,0.21238850057125092,0.0
12755,52465,16680,180244,0.19556884391291016,0.43332767113979953,0.26950504463578256,0.15573870573870574,11204,0.19465403258800507,0.22432664036750793,1.6208958078262795e-15,0.2888956367969513,0.0
5051,114849,4649,137595,0.04212677231025855,0.520721649484536,0.07794753086419753,0.040554319986511336,03182,0.40340742468833923,0.4420153498649597,2.0812943641544905e-15,0.27912458777427673,0.0
25953,15492,18727,201972,0.6262034020991676,0.580863921217547,0.6026821480406387,0.43131356777238583,02593,0.10552092641592026,0.15570594370365143,7.009522174468109e-16,0.12582583725452423,0.0
46060,90211,54725,71148,0.3380029500040361,0.4570124522498388,0.388600161987041,0.2411568828666569,00569,0.4183730185031891,0.5132387280464172,2.6223107766840276e-15,0.376035213470459,0.0
46117,88974,36263,90790,0.341377293824163,0.5598082058752124,0.42412091727172824,0.2691329061475075,05151,0.47227397561073303,0.5200057625770569,2.2257964042408258e-15,0.27984419465065,0.0
1093,41234,12229,207588,0.025822760885486806,0.08204473802732322,0.0392819277974447,0.020034460004399148,00802,0.1932481974363327,0.22887933254241943,1.2010026444834264e-15,0.2050672024488449,0.0
7350,113299,3347,138148,0.060920521512818175,0.6871085351032999,0.11191813987483441,0.05927610568082842,04324,0.4396686851978302,0.43066227436065674,2.9434546359756163e-15,0.25581344962120056,0.0
26899,29642,34562,171041,0.47574326594860367,0.4376596540895853,0.45590752699106796,0.2952592121005894,06019,0.2399386316537857,0.26411813497543335,1.5398767353378682e-15,0.25089767575263977,0.0
28688,122015,5043,106398,0.19036117396468552,0.8504936112181672,0.31109231486602257,0.18419734696236179,01956,0.5258821249008179,0.5950934886932373,5.688081097234316e-15,0.3210299015045166,0.0
15837,117125,20241,108941,0.1191092191754035,0.4389655745883918,0.18737576904874584,0.10337264936065221,00901,0.38865453004837036,0.42671236395835876,2.007387164563556e-15,0.30782562494277954,0.0
6118,24393,33746,197887,0.2005178460227459,0.15347180413405578,0.17386856127886324,0.09521141665499479,11086,0.16277386248111725,0.12923972308635712,7.916028885593557e-16,0.18863391876220703,0.0
21311,83834,7385,149614,0.20268201055685006,0.7426470588235294,0.3184524921361915,0.18938060961521372,06745,0.3876485526561737,0.40555399656295776,2.7383090053630676e-15,0.32139548659324646,0.0
3949,67397,12444,178354,0.055349984582177,0.24089550417861283,0.09001698218580108,0.0471297290846163,01883,0.2836037874221802,0.2844754159450531,1.945593479204246e-15,0.28148946166038513,0.0
29545,119216,10112,103271,0.19860716182332736,0.7450134906826034,0.31361122610366315,0.1859661490624587,03650,0.5105003118515015,0.5726537108421326,6.355985513039117e-15,0.27104824781417847,0.0
18722,71924,26284,145214,0.20653972596694836,0.4159889792472115,0.27602984106389883,0.1601128880526811,08132,0.32185789942741394,0.33571887016296387,2.2666462979636484e-15,0.32914817333221436,0.0
22206,91712,10328,137898,0.19492968626555943,0.6825474887809676,0.30325294294376315,0.17872607568855337,09548,0.4098007082939148,0.41752195358276367,2.9829717244142346e-15,0.3136584460735321,0.0
145750,72285,25754,18355,0.6684706583805352,0.8498344061946077,0.7483204505838954,0.5978530614588845,04629,0.6905285716056824,0.7456076741218567,8.209489315540556e-15,0.2272045910358429,0.0
57486,116678,16174,71806,0.3300682115707035,0.7804235677436873,0.46392601200852224,0.30202061595687674,08943,0.4914921224117279,0.5597814321517944,3.0581398765638095e-15,0.3170352578163147,0.0
40269,57674,55669,108532,0.4111472999601809,0.41973983197481707,0.4153991365837808,0.2621474884774627,01424,0.4268074035644531,0.45122405886650085,2.248927788181467e-15,0.26206713914871216,0.0
13072,80190,18753,150129,0.1401642684051382,0.41074626865671643,0.2090065314541079,0.11669865642994241,01447,0.3617817759513855,0.3933431804180145,2.8410100127141702e-15,0.19821758568286896,0.0
3437,33907,5912,218888,0.09203620394173094,0.36763290191464326,0.14721692759085944,0.07945718513038653,07715,0.23847037553787231,0.24777548015117645,1.0006021924708568e-15,0.20915499329566956,0.0
20416,112033,19264,110431,0.15414234913060876,0.5145161290322581,0.237217435760389,0.13456987865245562,04583,0.4935077130794525,0.48833346366882324,4.5242522712323014e-15,0.3192214369773865,0.0
47740,75873,35539,102992,0.38620533439039584,0.573253761452467,0.4614968195966978,0.2999648135116115,07628,0.4305415451526642,0.4719870984554291,2.5352750211245876e-15,0.304951012134552,0.0
30899,44832,48784,137629,0.4080099298834031,0.38777405469171594,0.39763470472415613,0.24815484078223507,02534,0.308688759803772,0.28331854939460754,1.9248214066736277e-15,0.23457281291484833,0.0
18922,79221,24295,139706,0.19280030160072548,0.43783696230649977,0.26771363893604977,0.1545435240693249,01905,0.3852619528770447,0.3815147876739502,2.3225314912239457e-15,0.2668413519859314,0.0
19745,97329,25489,119581,0.1686540137007363,0.4365079365079365,0.24330285629790277,0.13850017185384708,10589,0.49425041675567627,0.4488145411014557,3.0279745974545345e-15,0.2985750436782837,0.0
10156,23716,40814,187458,0.29983467170524325,0.19925446340984893,0.2394097263147969,0.13598264735023968,05490,0.19952617585659027,0.19054771959781647,1.2907456563890069e-15,0.22247262299060822,0.0
15507,130349,6515,109773,0.10631718955682316,0.7041594768867496,0.1847413002299289,0.10177133444028064,03476,0.5847795605659485,0.5361068248748779,5.207332798634155e-15,0.3438091278076172,0.0
4076,65129,29562,163377,0.0588974785058883,0.12117248350080266,0.07926645469307585,0.04126884485708789,01634,0.38915207982063293,0.3515508770942688,2.921136344177536e-15,0.24372349679470062,0.0
1879,50590,2233,207442,0.03581162210066897,0.4569552529182879,0.06641805553100866,0.03434974955211875,03162,0.2942477762699127,0.28648895025253296,1.7373259772771323e-15,0.23437443375587463,0.0
107250,65052,10423,79419,0.6224535989135356,0.9114240310011642,0.739718941288042,0.586947598850732,02623,0.6721938252449036,0.6325152516365051,5.4693803598680706e-15,0.2321295440196991,0.0
50254,85651,25951,100288,0.3697730032007652,0.6594580408109704,0.4738484748479562,0.3104858639778569,02376,0.4015558362007141,0.432039350271225,3.6094318888091155e-15,0.30202147364616394,0.0
0,10325,17734,234085,0.0,0.0,0.0,0.0,06694,0.10808012634515762,0.11150519549846649,3.7313617374014105e-16,0.13101625442504883,0.0
29344,98923,1223,132654,0.2287727942494952,0.9599895311937711,0.36949267789012435,0.22661209359796122,02106,0.4804624021053314,0.47990262508392334,4.7602134107632745e-15,0.29950180649757385,0.0
17391,39764,6494,198495,0.30427784095879623,0.7281138790035587,0.4291954590325765,0.2732328866125155,06686,0.26621314883232117,0.2661301791667938,1.1805381295878436e-15,0.2256917804479599,0.0
2306,29999,14564,215275,0.07138213898777279,0.13669235328986365,0.09378749364514488,0.0492009643901086,01446,0.22907452285289764,0.20453974604606628,1.3249553459983114e-15,0.2176414132118225,0.0
5457,37843,6069,212775,0.12602771362586604,0.47345132743362833,0.19906613650457813,0.11053495108266322,01011,0.22265270352363586,0.22032926976680756,1.5842326242014361e-15,0.23190195858478546,0.0
5252,77665,3250,175977,0.06334044888261756,0.617737003058104,0.11489952854439449,0.06095140831176669,08710,0.3513692021369934,0.3405253291130066,3.4328204391361133e-15,0.29020172357559204,0.0
52281,89455,33608,86800,0.36886182762318676,0.6087042578211412,0.4593607907742998,0.29816246920339445,03335,0.5395030379295349,0.5631759762763977,6.2578927033205655e-15,0.33418989181518555,0.0
2250,16434,35002,208458,0.12042389210019268,0.060399441640717276,0.08044908466819223,0.0419103676936259,05285,0.17730142176151276,0.18002934753894806,6.646333067684297e-16,0.19509141147136688,0.0
29954,77917,32327,121946,0.27768352940085844,0.4809492461585395,0.3520851944144059,0.21365497368008102,07931,0.45794063806533813,0.4119679033756256,3.1367385427906633e-15,0.33414512872695923,0.0
17433,101313,6583,136815,0.1468091556768228,0.7258910726182545,0.24422465361931042,0.1390978943420916,04950,0.3918797969818115,0.4557214379310608,3.0473916101604777e-15,0.2709382176399231,0.0
15677,59086,20237,167144,0.2096892848066557,0.43651500807484545,0.28329282506753883,0.16502105263157896,00536,0.2713756561279297,0.2655799388885498,2.648596818802904e-15,0.3097250163555145,0.0
53025,110358,32854,65907,0.32454416922201207,0.6174384890369008,0.4254559459524517,0.27020898199625965,04603,0.6085081696510315,0.589905321598053,7.310453086138504e-15,0.3783363103866577,0.0
34982,43312,52666,131184,0.4468030755868904,0.39911920408908363,0.42161719154885446,0.26711973121563837,02624,0.38869863748550415,0.3384452164173126,3.793042432815486e-15,0.2371276468038559,0.0
33190,101426,47579,79949,0.24655315861413205,0.41092498359519125,0.30819230679945214,0.18216745794341227,03647,0.5206834673881531,0.5502884984016418,8.160292433475795e-15,0.3855811357498169,0.0
42742,60008,24630,134764,0.41598053527980533,0.6344178590512379,0.5024864508999424,0.3355471816611713,08153,0.3741806149482727,0.41864123940467834,3.6501936830381585e-15,0.3386400043964386,0.0
2483,28906,5980,224775,0.07910414476408933,0.29339477726574503,0.12461106092542408,0.06644544943669886,03528,0.17181240022182465,0.16345447301864624,9.19038033527996e-16,0.17275571823120117,0.0
14540,93548,22883,131173,0.13452002072385463,0.38853111722737355,0.19984743421459547,0.11101694268196777,11826,0.421974241733551,0.4637093245983124,2.895867139834918e-15,0.35753437876701355,0.0
79128,94167,28842,60007,0.45660867307192937,0.732870241733815,0.5626579915737827,0.3914572789741611,02361,0.6578112840652466,0.6160691380500793,4.168251392192938e-15,0.3541642129421234,0.0
22242,70859,23772,145271,0.2389018377890678,0.48337462511409574,0.31976422384358266,0.19030913897991839,09139,0.43344226479530334,0.38211309909820557,3.3051016153715844e-15,0.3018619418144226,0.0
54931,121649,29480,56084,0.31108279533355987,0.650756418002393,0.4209417182967995,0.2665776958167524,06201,0.6138203144073486,0.6430047750473022,7.080729599637942e-15,0.2978722155094147,0.0
110977,66593,33511,51063,0.6249760657768767,0.7680707048336194,0.6891739997143371,0.5257555156551277,04160,0.5585097074508667,0.6042193174362183,3.8347327673357e-15,0.3016245663166046,0.0
544,74950,9686,176964,0.007205870665218428,0.053176930596285435,0.012691894918575895,0.006386475698520779,06590,0.28094053268432617,0.2638263702392578,3.4906808591546776e-15,0.27015262842178345,0.0
3193,32197,15027,211727,0.0902232269002543,0.1752469813391877,0.119119567244917,0.0633318126822302,03594,0.1919112205505371,0.15438313782215118,9.433906942113054e-16,0.24033218622207642,0.0
23055,82464,3315,153310,0.21849145651494042,0.8742889647326507,0.3496121738734845,0.2118363746623298,00840,0.3965998589992523,0.4021896421909332,2.0530552034937004e-15,0.31047168374061584,0.0
3000,63218,13425,182501,0.04530490199039536,0.182648401826484,0.07260143024817588,0.03766809386888992,09005,0.235811248421669,0.26407307386398315,1.955484335237034e-15,0.2571832835674286,0.0
57401,34168,96116,74459,0.6268606187683605,0.37390647289876694,0.4684151685530794,0.3058369075845166,08273,0.34149548411369324,0.41253504157066345,1.7461419089832366e-15,0.16356588900089264,0.0
6927,26875,9511,218831,0.2049287024436424,0.42140163036865796,0.2757563694267516,0.1599288897097869,00642,0.1459490954875946,0.13547296822071075,1.3741588843398272e-15,0.17483018338680267,0.0
81056,86154,27989,66945,0.4847556964296394,0.7433261497546885,0.586820148051619,0.41524802893457446,02732,0.5073021650314331,0.5923746228218079,6.801610675966868e-15,0.3809157907962799,0.0
28608,65776,69608,98152,0.3031022207153755,0.2912763704488067,0.29707165109034267,0.17444753402605004,04171,0.40452295541763306,0.38056811690330505,2.270555902385916e-15,0.3006170988082886,0.0
9684,136551,11600,104309,0.06622217663350087,0.4549896635970682,0.11561673601203444,0.06135521272214654,07160,0.5554110407829285,0.49111634492874146,2.9130409022470884e-15,0.31979721784591675,0.0
12934,110423,8578,130209,0.10485015037654936,0.6012458162885831,0.1785613209175186,0.09803312237086444,01683,0.4380101263523102,0.4680289328098297,2.8938252750629976e-15,0.3217866122722626,0.0
22285,100708,21956,117195,0.18118917336759002,0.5037182703826767,0.26651279046126986,0.15374373055350501,09353,0.4454532861709595,0.46049535274505615,3.627489356445827e-15,0.34627678990364075,0.0
7604,25669,29386,199485,0.22853364589907732,0.2055690727223574,0.21644393208374252,0.12135527218755486,05637,0.14873218536376953,0.1522766649723053,9.003143334894034e-16,0.1515616476535797,0.0
9399,19848,49987,182910,0.3213662939788696,0.15826962583773954,0.21208804846953166,0.1186233182724588,04251,0.15389235317707062,0.13729898631572723,6.194294961054247e-16,0.18882332742214203,0.0
7575,28083,14498,211988,0.21243479724045095,0.3431794500067956,0.26242400097001617,0.15102879017465506,00372,0.18116381764411926,0.19843968749046326,1.2343992342058064e-15,0.23008239269256592,0.0
6086,46943,26101,183014,0.11476739142733221,0.18908254885512785,0.1428370259106271,0.07691141160116265,05758,0.23395098745822906,0.22947841882705688,1.8772247068800974e-15,0.2664729356765747,0.0
7707,91295,13222,149920,0.07784691218359226,0.36824501887333366,0.12852390124321486,0.0686751497005988,01967,0.4298485219478607,0.42429664731025696,2.8668293144499626e-15,0.32931631803512573,0.0
11533,131179,8766,110666,0.08081310611581366,0.5681560668013202,0.14149965339762346,0.07613646866211594,08728,0.45024266839027405,0.48152342438697815,3.3927293768612624e-15,0.30388399958610535,0.0
28577,105316,36224,92027,0.21343162077181033,0.4409962809215907,0.28764834368425823,0.16798438721585732,07471,0.5377112030982971,0.5146323442459106,5.415736447915177e-15,0.2785613238811493,0.0
25643,59946,13482,163073,0.2996062578135041,0.6554121405750799,0.4112288917042192,0.2588345731848876,01709,0.4055822491645813,0.42575472593307495,3.795330638187116e-15,0.33696040511131287,0.0
12952,72130,14738,162324,0.1522296137843492,0.46775009028530157,0.22970240839924802,0.12975355640152275,05209,0.35715344548225403,0.3687772750854492,1.8440484412451557e-15,0.2716633081436157,0.0
9260,53688,17820,181376,0.1471055474359789,0.3419497784342688,0.20571377793575332,0.11464936608557845,03336,0.3564317226409912,0.2934925854206085,1.765885910509887e-15,0.21680867671966553,0.0
90474,79041,27763,64866,0.5337226794089018,0.7651919449918384,0.6288331618894046,0.458611705309259,01244,0.5113080143928528,0.597665548324585,5.739674176221521e-15,0.28462085127830505,0.0
53478,42685,33427,132554,0.556118257541882,0.6153616017490363,0.5842419210348068,0.4126707307662628,02287,0.3636246919631958,0.33581969141960144,2.898648445511537e-15,0.30312299728393555,0.0
8602,67112,7818,178612,0.11361174947829991,0.5238733252131547,0.18672802656999588,0.10297849925776947,07651,0.31451764702796936,0.3032040297985077,2.2631410513302855e-15,0.2985260486602783,0.0
48003,111533,27170,75438,0.3008913348711263,0.6385670386974046,0.40904268690165274,0.2571047529270618,06337,0.5820848941802979,0.5592303276062012,6.854034906826897e-15,0.3338770866394043,0.0
98074,99002,141,64927,0.4976455783555583,0.9985643740772795,0.6642532281715325,0.49728978739155344,02420,0.48610612750053406,0.6350818872451782,4.750752036596181e-15,0.20200712978839874,0.0
36553,60213,25374,140004,0.3777463158547424,0.5902594990876354,0.4606756441682998,0.29927132798428036,00430,0.32307878136634827,0.3838910758495331,3.1141308160552883e-15,0.36409294605255127,0.0
15042,142720,2367,102015,0.09534615433374323,0.864035843529209,0.17174075617539433,0.09393676348444067,08141,0.4541553258895874,0.5438991189002991,2.9462525693488628e-15,0.2347056120634079,0.0
8462,74172,3077,176433,0.10240336907326282,0.7333391108414941,0.1797118069935119,0.0987271178728518,01762,0.2543353736400604,0.3140081763267517,1.3411721040849222e-15,0.22398005425930023,0.0
75012,56856,53929,76347,0.5688415688415689,0.5817544458318146,0.5752255481981066,0.4037309536752477,01278,0.507477879524231,0.46653521060943604,4.5509558202923724e-15,0.257415235042572,0.0
18415,38652,29012,176065,0.3226908721327562,0.38828093701899763,0.3524604283499531,0.21393138860813904,01912,0.25151756405830383,0.25072991847991943,1.9726172901293714e-15,0.23201408982276917,0.0
46,4319,12340,245439,0.010538373424971364,0.003713870498950428,0.005492209420333114,0.002753666566896139,06667,0.06847332417964935,0.06131332367658615,2.4512143586064184e-16,0.07335610687732697,0.0
24258,74453,34924,128509,0.24574768769438057,0.40988814166469534,0.30727137998517984,0.1815243012683803,04626,0.4292657673358917,0.3889457583427429,3.84429844043603e-15,0.33084121346473694,0.0
4237,43742,17166,196999,0.08830946872590091,0.19796290239686026,0.12213542417341673,0.0650395272085348,00522,0.15540549159049988,0.19288186728954315,7.527778617262686e-16,0.1625535935163498,0.0
129466,55977,28009,48692,0.6981444433060293,0.8221368471185903,0.7550843058690415,0.6065344901898319,01530,0.6430246829986572,0.6804207563400269,7.119716000968916e-15,0.26611846685409546,0.0
1061,17160,4670,239253,0.05822951539432523,0.18513348455766881,0.0885938543754175,0.046350093923376,08493,0.13046371936798096,0.11910732090473175,8.485008207375649e-16,0.15778686106204987,0.0
22023,56121,75974,108026,0.28182585995085996,0.2247313693276325,0.2500610306515803,0.14289700099923436,01484,0.2699466049671173,0.3555012047290802,8.412735467294447e-16,0.18675488233566284,0.0
47613,95860,33854,84817,0.33186035003101627,0.5844452354941264,0.42333955721525734,0.2685039503290531,11303,0.48045700788497925,0.4953024387359619,3.1411699526713762e-15,0.3436342179775238,0.0
7658,92837,16300,145349,0.07620279615901289,0.31964270807246015,0.1230665391754317,0.06556787533712916,09278,0.3954390585422516,0.41374945640563965,3.435854742999707e-15,0.3100147545337677,0.0
8335,40603,27076,186130,0.17031754464833054,0.23537883708452176,0.1976312700802618,0.1096508537900913,00278,0.3107489347457886,0.22599658370018005,1.4749345486505202e-15,0.3060026466846466,0.0
7398,58402,8936,187408,0.11243161094224924,0.45292028896779724,0.18014464168310323,0.09898843930635838,03465,0.27644309401512146,0.26713424921035767,1.2941990480973132e-15,0.3099360764026642,0.0
11628,82865,12308,155343,0.12305673436127544,0.48579545454545453,0.19637082133599032,0.10887538506193763,03588,0.451365202665329,0.3779788315296173,3.0084258636690175e-15,0.32086867094039917,0.0
15485,97418,19253,129988,0.13715313144912003,0.44576544418216363,0.20976558002180962,0.11717212990707951,01780,0.38532212376594543,0.41067641973495483,3.556600126588026e-15,0.3930851221084595,0.0
8543,14083,55920,183598,0.37757447184654824,0.13252563486030747,0.1961901043759832,0.10876429098871998,06807,0.15003898739814758,0.16239847242832184,4.529049268234556e-16,0.1493174284696579,0.0
41911,72634,43586,104013,0.3658911344886289,0.4902043346550171,0.41902200537887047,0.2650397455274424,05536,0.4005124866962433,0.40927088260650635,2.4662742193684594e-15,0.2931004762649536,0.0
2451,19383,27506,212804,0.11225611431712008,0.08181727142237206,0.09464964955301114,0.04967571949736522,01962,0.19128404557704926,0.18743140995502472,7.312652166521133e-16,0.16263198852539062,0.0
0,93428,0,168716,0.0,0.0,0.0,0.0,01016,0.3385695815086365,0.3521585464477539,2.2709100781971038e-15,0.29617199301719666,0.0
6160,49560,13772,192652,0.11055276381909548,0.3090507726269316,0.16285094908264156,0.08864329707016635,00752,0.2693637013435364,0.2591240406036377,1.5917503001797751e-15,0.23944877088069916,0.0
32709,90134,19260,120041,0.26626669814315834,0.6293944466893725,0.3742191611559847,0.23017811024397797,03171,0.4446590840816498,0.4315689206123352,2.394484067546682e-15,0.2359151989221573,0.0
4428,78661,12952,166103,0.05329225288546017,0.25477560414269274,0.08814659248126287,0.0461053091908664,06228,0.3615850508213043,0.32524508237838745,2.2722961093427907e-15,0.28647780418395996,0.0
10571,77479,12000,162094,0.12005678591709257,0.4683443356519428,0.1911210348848772,0.10565717141429286,02819,0.4026572108268738,0.3292957842350006,3.0285735026878025e-15,0.3579810857772827,0.0
29486,62646,19230,150782,0.3200408110102896,0.6052631578947368,0.4186924911961831,0.26477613548607243,04387,0.3729168176651001,0.38484036922454834,2.6508296023591207e-15,0.3359297215938568,0.0
1336,39449,10804,210555,0.0327571411057987,0.1100494233937397,0.05048653755314123,0.02589699354513559,02477,0.21285757422447205,0.18868030607700348,1.0378100932610916e-15,0.21824432909488678,0.0
3944,54300,15293,188607,0.06771512945539454,0.20502157301034465,0.10180560395451786,0.053632865088322886,03183,0.30658549070358276,0.29649612307548523,2.197303940810019e-15,0.20786921679973602,0.0
21859,113068,5236,121981,0.16200612182884078,0.806754013655656,0.2698275542827517,0.1559541391094654,07335,0.37826433777809143,0.42262548208236694,1.898080463714783e-15,0.33104121685028076,0.0
59026,72801,76196,54121,0.4477534951110167,0.436511810208398,0.44206119476200995,0.2837474702316571,00871,0.47516530752182007,0.49169793725013733,5.080700996967344e-15,0.3244737684726715,0.0
131880,50356,37196,42712,0.7236769902763449,0.7800042584399914,0.750785626451701,0.6010062342775894,04242,0.6182923316955566,0.6321693658828735,2.928298262913359e-15,0.25180602073669434,0.0
13740,115393,2647,130364,0.10640192669573231,0.8384695185207787,0.18884002199010447,0.10426468356351495,02098,0.46111738681793213,0.4384215772151947,3.3887689799661127e-15,0.40605708956718445,0.0
10557,42338,40238,169011,0.19958408167123545,0.20783541687173934,0.2036261934612788,0.11335402059420399,05283,0.21878284215927124,0.25276851654052734,8.211373533201816e-16,0.2527952492237091,0.0
2940,74265,10569,174370,0.03808043520497377,0.2176326893182323,0.0648191017924466,0.033495112447877506,08417,0.25232887268066406,0.2627395689487457,2.0301944447008458e-15,0.27144017815589905,0.0
5293,82453,10620,163778,0.060321838032502906,0.33262112738012944,0.10212330815462237,0.05380924303112864,08174,0.3208811283111572,0.33124682307243347,1.623191750484182e-15,0.31436073780059814,0.0
39850,68443,13499,140352,0.3679831568060724,0.7469680781270501,0.49306492124571577,0.3271971886495008,02810,0.32941174507141113,0.3827534317970276,4.7048198419176055e-15,0.2852599024772644,0.0
17751,79179,28765,136449,0.18313215722686474,0.3816106286009115,0.24749383043096354,0.14122280122518796,04815,0.3891026973724365,0.41668206453323364,2.5565159700045213e-15,0.34180697798728943,0.0
7113,27718,32654,194659,0.20421463638712642,0.17886689969069833,0.19070216359687928,0.10540120026672593,00125,0.22294938564300537,0.21771234273910522,1.4181542293029321e-15,0.2224891632795334,0.0
78771,72925,29542,80906,0.5192688007594136,0.7272534229501537,0.6059097954301582,0.43462739602070205,10705,0.5193157196044922,0.5652883648872375,7.0917697983594735e-15,0.27239856123924255,0.0
152,16420,2842,242730,0.009172097513878832,0.05076820307281229,0.015537156291526117,0.007829401462861853,00892,0.13688142597675323,0.12669329345226288,9.932762856230997e-16,0.14933563768863678,0.0
2002,30440,9808,219894,0.06171012884532396,0.1695173581710415,0.09048178613396005,0.047384615384615386,01562,0.11024526506662369,0.13161055743694305,3.2755782413121115e-16,0.12362037599086761,0.0
101532,93164,31780,35668,0.5214899124789415,0.7616118578972636,0.6190824614033804,0.4483124039633339,00137,0.6015631556510925,0.6166073679924011,4.410106864983291e-15,0.23781265318393707,0.0
3462,27369,20655,210658,0.11228957867081833,0.143550192810051,0.12601004586154183,0.0672415802354038,10697,0.1713261902332306,0.2037401646375656,5.851343531185935e-16,0.1723940372467041,0.0
35885,134632,10506,81121,0.21044822510365535,0.7735336595460326,0.330877607096096,0.19823447849168338,06036,0.4842129945755005,0.6056028604507446,2.7246085630025235e-15,0.27425339818000793,0.0
22358,59051,22538,158197,0.27463793929418123,0.4979953670705631,0.35403190689204705,0.2150903825988244,01378,0.31794530153274536,0.32052645087242126,2.2269030078770122e-15,0.293038934469223,0.0
60179,106514,46452,48999,0.3610169593204274,0.5643668351605068,0.44034918265501743,0.28233831429308687,06187,0.5014035105705261,0.5729711651802063,4.665784103070569e-15,0.23500679433345795,0.0
14145,78298,19105,150596,0.1530132081390695,0.42541353383458647,0.22507219972472614,0.12680639724602863,02169,0.35930320620536804,0.37252309918403625,3.4948137280285536e-15,0.36771202087402344,0.0
12209,108823,6215,134897,0.10087414898539229,0.6626682587928788,0.17509465351078476,0.09594725219455076,02733,0.4067692458629608,0.48773759603500366,3.631496544248994e-15,0.3135976195335388,0.0
129509,82089,19200,31346,0.6120520987911039,0.8708887827905507,0.7188813983630628,0.5611357117479354,02357,0.6795958280563354,0.7256470322608948,5.938346488519816e-15,0.23386047780513763,0.0
5790,48523,23711,184120,0.10660431204315725,0.19626453340564726,0.13816307538120123,0.07420793601968625,03929,0.3033599257469177,0.2758292853832245,1.4382692419524246e-15,0.23062781989574432,0.0
4021,101859,601,155663,0.03797695504344541,0.8699697100822155,0.07277696331288121,0.03776260553525981,07586,0.4119460880756378,0.4200529158115387,3.392263373724494e-15,0.3537580668926239,0.0
66198,76977,26247,92722,0.46235725510738607,0.7160798312510142,0.5619047619047619,0.39072847682119205,04189,0.6348158717155457,0.5798365473747253,4.987206084613608e-15,0.298713743686676,0.0
6253,130271,2640,122980,0.04580147080366822,0.7031372989992128,0.08600094899495933,0.044932597510850505,07533,0.48107925057411194,0.4910392463207245,3.708459320878044e-15,0.20076210796833038,0.0
0,10784,28796,222564,0.0,0.0,0.0,0.0,03460,0.1464313119649887,0.1628611981868744,5.439302538923479e-16,0.1262241154909134,0.0
15395,77435,19023,150291,0.16584078422923623,0.4472950200476495,0.24196843958254746,0.13763600439863036,04410,0.31561338901519775,0.3362870514392853,1.941482783428118e-15,0.2898081839084625,0.0
37206,27657,11722,185559,0.5736089912584987,0.7604234793982996,0.6539357242664183,0.48581314878892734,03834,0.15528151392936707,0.2654365003108978,8.920509446968315e-16,0.1632978916168213,0.0
8224,108592,6454,138874,0.07040131488837145,0.5602943180269792,0.12508555523445936,0.06671534030988886,05530,0.32981157302856445,0.4246213436126709,1.5946955864124528e-15,0.30625733733177185,0.0
26780,45662,21092,168610,0.3696750503851357,0.5594084224598931,0.44516847582160013,0.2863129984818355,09041,0.37420740723609924,0.3736647963523865,3.5627064088235754e-15,0.27612432837486267,0.0
679,59422,1650,200393,0.01129764895758806,0.29154143409188493,0.021752362646163703,0.010995773347800036,03506,0.31956061720848083,0.2633243501186371,1.9269008720788915e-15,0.29205596446990967,0.0
56214,58622,46858,100450,0.4895154829495977,0.545385749767153,0.5159425078473484,0.3476566848491595,05551,0.46084192395210266,0.46623411774635315,4.110104184079643e-15,0.3447170853614807,0.0
8689,85347,13646,154462,0.09240078267897402,0.3890306693530334,0.1493327375377027,0.08069129473821066,01698,0.38930219411849976,0.3933006525039673,1.7750325638895717e-15,0.27939704060554504,0.0
63746,78178,37221,82999,0.44915588624897834,0.6313547990927729,0.524893882441095,0.35583465907505096,01993,0.5044108033180237,0.4918750524520874,5.384946687692717e-15,0.27243757247924805,0.0
97524,104410,24880,35330,0.48294987471153944,0.7967386686709584,0.6013726421202573,0.42997345842849205,02581,0.733421266078949,0.7149025201797485,9.46549597698566e-15,0.20575496554374695,0.0
370,48971,6167,206636,0.007498834640562615,0.0566008872571516,0.013243136833816529,0.0066657058442026376,01757,0.20002739131450653,0.2067231833934784,9.496096288448865e-16,0.2194632738828659,0.0
724,32486,15055,213879,0.021800662451068955,0.04588376956714621,0.029557655800281697,0.015000517973686936,07525,0.18443910777568817,0.17645427584648132,1.3314035789409933e-15,0.21883732080459595,0.0
35342,100709,28139,97954,0.2597702332213655,0.5567335108142594,0.35424894252550965,0.21525062427675254,00872,0.5235049724578857,0.5298043489456177,5.312498789161581e-15,0.3074277937412262,0.0
18993,63489,2608,177054,0.23026842220120752,0.8792648488495903,0.3649587348558362,0.22321071806322718,01350,0.24521908164024353,0.2979457378387451,2.3924148952366315e-15,0.2059735357761383,0.0
43092,74652,37981,106419,0.3659804321239299,0.5315209749238341,0.4334840582042783,0.2767185744100177,01639,0.4223557412624359,0.4309122562408447,2.0384759008412593e-15,0.2517646849155426,0.0
6503,43208,18781,193652,0.13081611715716843,0.25719822812846066,0.17342489499299954,0.09494539508263738,00441,0.23210091888904572,0.2608678340911865,9.761417860026128e-16,0.17564509809017181,0.0
5589,51611,20535,184409,0.0977097902097902,0.21394120349104273,0.13415102491479045,0.07189811539203705,11348,0.2666798532009125,0.2525448203086853,1.3659905068009442e-15,0.21559657156467438,0.0
1464,57022,2863,200795,0.025031631501555927,0.33834065172174715,0.04661455431200548,0.023863469657207127,08758,0.26376640796661377,0.24576352536678314,1.1029069562142598e-15,0.26370787620544434,0.0
453,14635,26873,220183,0.03002386002120891,0.01657761838542048,0.021360871410383366,0.010795738900407522,09565,0.13630490005016327,0.0963667556643486,1.2772406447199292e-15,0.11587609350681305,0.0
42896,57543,30711,130994,0.42708509642668685,0.5827706603991468,0.4929271571883295,0.3270758673274876,04285,0.2605797052383423,0.36730486154556274,2.445788455622206e-15,0.22018732130527496,0.0
699,14324,23318,223803,0.04652865606070691,0.029104384394387308,0.03580942622950819,0.018231136381419367,03516,0.16417387127876282,0.14686821401119232,4.833322217446748e-16,0.1386609822511673,0.0
1906,20694,23899,215645,0.0843362831858407,0.07386165471807789,0.0787521950211755,0.040990128819974624,03474,0.18740211427211761,0.19293102622032166,8.258167169641997e-16,0.15668673813343048,0.0
22083,59279,38780,142002,0.27141663184287507,0.36283127680199795,0.3105361223413606,0.18380749446488323,06808,0.36931028962135315,0.3010411560535431,3.288160359415622e-15,0.2497214376926422,0.0
6163,38129,27464,190388,0.13914476654926397,0.18327534421744432,0.15818991516831582,0.08588828808740732,02855,0.22456219792366028,0.22818519175052643,1.0790242679218366e-15,0.21906591951847076,0.0
59212,25433,122525,54974,0.6995333451473802,0.3258114748235087,0.44456457268133726,0.2858135830477386,07939,0.42631515860557556,0.36329910159111023,5.146105472363192e-15,0.29065605998039246,0.0
52898,41582,45141,122523,0.5598856900931414,0.5395607870337314,0.5495353705348562,0.37886850831894914,04036,0.27716293931007385,0.33530619740486145,1.2466683346319693e-15,0.2780636250972748,0.0
7784,59980,37121,157259,0.11486925211026504,0.17334372564302417,0.1381746531876559,0.07421461600800877,01018,0.24231339991092682,0.2971065640449524,1.1501614518083107e-15,0.25431913137435913,0.0
3896,72271,6375,179602,0.05115076082818018,0.379320416707234,0.09014553784215275,0.04720021322478254,03982,0.2670971751213074,0.32927048206329346,2.1093179188324544e-15,0.25859445333480835,0.0
2,45485,8852,207805,4.396860641501968e-05,0.00022588660492432798,7.360924532121234e-05,3.680597729071201e-05,08422,0.23456451296806335,0.21648140251636505,1.1226919202414622e-15,0.2528015971183777,0.0
4939,14300,10114,232791,0.2567181246426529,0.3281073540158108,0.28805552315408844,0.16826218785132696,07649,0.08022523671388626,0.09627141803503036,3.6835935475094325e-16,0.11127936094999313,0.0
83101,41351,65617,72075,0.6677353517822132,0.5587823935233126,0.6084196654098181,0.4372149061656556,02991,0.34887975454330444,0.46629711985588074,1.830802105546507e-15,0.32349690794944763,0.0
1556,50169,13058,197361,0.030082165297245046,0.10647324483372109,0.04691056542908394,0.02401864686723369,00469,0.17442011833190918,0.2061261385679245,1.2485904387721042e-15,0.22309580445289612,0.0
97301,108058,24322,32463,0.4738092803334648,0.8000213775354991,0.5951459101724254,0.42363538995389255,04573,0.7893298864364624,0.7378107309341431,5.200136187288615e-15,0.21810001134872437,0.0
1579,51057,19794,189714,0.029998480127669275,0.07387825761474758,0.0426704860219703,0.021800358967278752,07953,0.19387896358966827,0.27179378271102905,1.1539144076293186e-15,0.18090540170669556,0.0
33841,102459,7570,118274,0.24828319882611885,0.8171983289464152,0.3808543083995926,0.2352192951970529,02773,0.48723557591438293,0.5064611434936523,4.639429730221531e-15,0.34270179271698,0.0
26859,54049,27149,154087,0.33196964453453304,0.49731521256110206,0.39815885439829224,0.24856325828035203,06365,0.26333683729171753,0.2951784133911133,1.0467192705036071e-15,0.27469491958618164,0.0
570,24129,13939,223506,0.02307785740313373,0.03928596043834861,0.029075698836972044,0.014752316372483048,00337,0.16758500039577484,0.17312441766262054,7.891985604480149e-16,0.17215190827846527,0.0
29010,65628,36794,130712,0.3065364864008115,0.4408546592912285,0.36162600815247875,0.2207225028912289,01547,0.35931289196014404,0.39118480682373047,2.666678509954945e-15,0.26362764835357666,0.0
30029,131727,3829,96559,0.18564380919409482,0.886910036032843,0.30702301471264837,0.18135096778089801,09875,0.5371412038803101,0.582877516746521,3.3577103515892256e-15,0.3144824504852295,0.0
104756,49295,24115,83978,0.6800085685909212,0.8128748903942702,0.7405291917913771,0.5879685237362908,02496,0.5363474488258362,0.5752508044242859,3.2456676829935147e-15,0.27779823541641235,0.0
89398,79064,38452,55230,0.5306716054659211,0.6992412983965585,0.6034045195604633,0.4320538967880375,02255,0.584985613822937,0.5688952803611755,7.721351479356995e-15,0.33118629455566406,0.0
7515,101549,614,152466,0.0689044964424558,0.9244679542379136,0.12824998080090108,0.06851875490070936,04010,0.4066942632198334,0.4092155992984772,2.664556243658553e-15,0.2996562421321869,0.0
9449,34714,78819,139162,0.21395738514140797,0.10704898717542032,0.14270072717113064,0.07683238197459791,07373,0.19645601511001587,0.1905689835548401,1.2483446750725863e-15,0.3013843297958374,0.0
53514,58695,60372,89563,0.4769136165548218,0.4698909435751541,0.4733762356531546,0.31008048394666854,10668,0.4218946397304535,0.4143684208393097,2.492412517331987e-15,0.41053396463394165,0.0
507,28332,17183,216122,0.017580359929262455,0.028660260033917466,0.021792860366653052,0.01101647038372952,09620,0.1545409858226776,0.17036236822605133,1.8881747916738575e-15,0.2290496677160263,0.0
63929,76643,59393,62179,0.45477762285519163,0.5183908791618689,0.48450514221619284,0.3197009476658415,05010,0.550309419631958,0.5586592555046082,6.901997669975875e-15,0.26601743698120117,0.0
2414,69265,4647,185818,0.03367792519426889,0.34187792097436626,0.06131572263144526,0.03162749259754212,08643,0.27755483984947205,0.34044918417930603,1.7066713160712411e-15,0.24210509657859802,0.0
0,63545,6816,191783,0.0,0.0,0.0,0.0,07635,0.2021281123161316,0.30404603481292725,1.406653554758292e-15,0.21948881447315216,0.0
19841,86768,35156,120379,0.1861099907137296,0.3607651326435987,0.24554781381879381,0.13995697104362853,05541,0.4616266191005707,0.44912222027778625,3.8963707932147775e-15,0.3325943946838379,0.0
48527,61728,59174,92715,0.4401342342750896,0.4505714895869119,0.4452917102534456,0.2864149584781826,08565,0.4249037206172943,0.4128551483154297,3.3425712043911993e-15,0.35534945130348206,0.0
0,34014,4310,223820,0.0,0.0,0.0,0.0,02742,0.1908605992794037,0.16667930781841278,7.910360393016691e-16,0.21355895698070526,0.0
4184,68530,17,189413,0.05754050114145832,0.9959533444417996,0.10879542351946955,0.05752705173859839,07044,0.29806041717529297,0.2783726751804352,2.309542588554317e-15,0.24744227528572083,0.0
7072,50788,4721,199563,0.12222606291047355,0.5996777749512423,0.20306375891921383,0.11300554481392115,07696,0.2786377966403961,0.2749043405056,1.1786605209414355e-15,0.25709643959999084,0.0
59497,94144,38685,69818,0.3872468937327927,0.6059868407651097,0.47253030898686776,0.3093549494088163,00935,0.5430212020874023,0.5334402322769165,3.6637359812630166e-15,0.24907813966274261,0.0
68812,50689,47436,95207,0.5758278173404406,0.5919413667331911,0.5837734200357159,0.4122034060753458,05373,0.4916672110557556,0.4835561215877533,5.808543051266827e-15,0.2764878273010254,0.0
1778,108722,3165,148479,0.01609049773755656,0.359700586688246,0.0308030803080308,0.01564245810055866,08615,0.3927403688430786,0.406933456659317,3.378286122227996e-15,0.2553318440914154,0.0
1677,51618,15978,192871,0.031466366450886574,0.09498725573491928,0.04727272727272727,0.024208566108007448,03333,0.2949145436286926,0.3179100453853607,3.00772203212289e-15,0.25961506366729736,0.0
18798,107509,51499,84338,0.14882785593830905,0.2674082820034994,0.19122703505523794,0.10572196663779625,02608,0.6174212694168091,0.505440890789032,9.062923886837479e-15,0.35036635398864746,0.0
15340,65798,9086,171920,0.18906061278315955,0.6280193236714976,0.2906293812284491,0.17002128036885972,08855,0.3554467260837555,0.30282875895500183,2.5375340189010865e-15,0.2760984003543854,0.0
5614,21237,23959,211334,0.20907973632266955,0.18983532276062626,0.19899333616900608,0.11049006101161189,01546,0.1448347121477127,0.15103942155838013,7.599618977259313e-16,0.1712125688791275,0.0
9301,70642,26024,156177,0.11634539609471749,0.2632979476291578,0.1613804351598015,0.08777260845357517,05574,0.35607460141181946,0.36663711071014404,2.1259831543485075e-15,0.2628853917121887,0.0
1147,90246,1586,169165,0.012550195310362939,0.41968532747896087,0.02437158702165183,0.012336118908570752,01001,0.3478012979030609,0.3457370400428772,2.6019505767120624e-15,0.31786978244781494,0.0
14022,58236,17532,172354,0.19405463754878352,0.44438106103822017,0.27014218009478674,0.15616438356164383,09241,0.25121381878852844,0.2743099629878998,9.39945685304519e-16,0.20724961161613464,0.0
15491,78225,20148,148280,0.16529728114729608,0.43466427228597887,0.23951142205558348,0.1360482681093234,07958,0.36080271005630493,0.40748485922813416,2.301405197723357e-15,0.25429368019104004,0.0
16519,89366,15778,140481,0.1560088775558389,0.5114716537139672,0.23909047488095408,0.13577669464011244,11579,0.40890946984291077,0.415152907371521,3.1980941659647097e-15,0.31156548857688904,0.0
8504,74695,17020,161925,0.10221276698037236,0.33317661808493965,0.15643424114492796,0.08485416936908172,01198,0.361193984746933,0.34152305126190186,2.5754385362382183e-15,0.2669432461261749,0.0
3653,57733,7716,193042,0.05950868276154172,0.3213123405752485,0.10041921517421483,0.05286388237677636,00338,0.2513889670372009,0.2653217613697052,2.0005443879834735e-15,0.2784779369831085,0.0
48157,17151,85266,111570,0.7373828627426962,0.3609347713662562,0.48464507298810966,0.3198228113751378,01914,0.263171523809433,0.3517492413520813,2.223454126118307e-15,0.3362286686897278,0.0
68837,93595,9961,89751,0.4237896473601261,0.8735881621360948,0.5707167433569622,0.399302755912363,01608,0.5453525185585022,0.5361186265945435,3.809452753245068e-15,0.2963908612728119,0.0
4344,45007,19638,193155,0.08802253247147981,0.18113585188891668,0.11847326578757175,0.0629665598863587,00207,0.1934891790151596,0.22708791494369507,1.4744673741333836e-15,0.2536945939064026,0.0
5700,107663,5334,143447,0.0502809558674347,0.5165851005981512,0.09164208140067685,0.04802143272365772,00816,0.3931351602077484,0.40854522585868835,4.93748547762746e-15,0.36499929428100586,0.0
41536,68013,51626,100969,0.3791545335877096,0.4458470191709066,0.409805091978235,0.25770746083449664,11889,0.39811909198760986,0.36882686614990234,3.8180915445395445e-15,0.37339654564857483,0.0
5072,33478,30804,192790,0.13156939040207521,0.14137585015051846,0.13629645553973072,0.07313204717824495,01811,0.2258758842945099,0.23927374184131622,1.3200378290445514e-15,0.1982828676700592,0.0
3675,26028,19454,212987,0.12372487627512373,0.1588914349950279,0.13912023016353725,0.07476046137884737,10271,0.15484200417995453,0.1654648333787918,6.370361778329359e-16,0.1823773980140686,0.0
15504,90465,3254,152921,0.14630693882173088,0.8265273483313786,0.24860695759538834,0.14194812447927635,02729,0.37203070521354675,0.4072009325027466,2.386471605854952e-15,0.27837952971458435,0.0
75269,76737,21347,88791,0.4951712432403984,0.779053158897077,0.6054894578919001,0.43419496634035754,04539,0.4970133900642395,0.5432009696960449,4.548928292186715e-15,0.2887870967388153,0.0
10252,111859,29880,110153,0.0839564003242951,0.25545699192664206,0.12637833373396695,0.06745136225171228,09862,0.3740415573120117,0.4897756278514862,3.430602810009524e-15,0.26009368896484375,0.0
43299,56794,23257,138794,0.43258769344509607,0.6505649377967426,0.5196430821667096,0.3510255370895825,00864,0.35571208596229553,0.4333118200302124,1.9461383042143415e-15,0.3285752832889557,0.0
2445,85202,31602,142895,0.027895991876504614,0.07181249449290686,0.04018275346360544,0.020503316589656935,06645,0.4201549291610718,0.3988506495952606,2.9281765783613296e-15,0.28604042530059814,0.0
11317,47344,38339,165144,0.1929220436064847,0.22790800708877074,0.20896073561860093,0.1166701030927835,05365,0.27565333247184753,0.28062447905540466,2.5230515895135063e-15,0.3125058114528656,0.0
98815,108342,31652,23335,0.4770053630821068,0.7573945902028866,0.5853553064947989,0.4137825626337366,02395,0.8263550996780396,0.7928345203399658,8.654304125184827e-15,0.3201357424259186,0.0
26504,84949,17001,133690,0.23780427624200334,0.6092173313412251,0.34207978936227884,0.20633067090164572,09062,0.4093954563140869,0.4400929808616638,2.5602650341674313e-15,0.30969107151031494,0.0
47558,34004,36799,143783,0.5830901645374071,0.5637706414405443,0.5732676788071288,0.4018046484906346,01410,0.2782420814037323,0.30842408537864685,2.700339341780815e-15,0.2732994854450226,0.0
16387,101158,48264,96335,0.13941043855544685,0.2534686238418586,0.1798832027047795,0.09883058217587706,07148,0.3940541744232178,0.4900114834308624,4.37145753879641e-15,0.29275697469711304,0.0
10276,30362,13059,208447,0.2528667749397116,0.44036854510392115,0.3212605317868476,0.19137009516360318,02606,0.1647651344537735,0.1706281304359436,1.2657698617172315e-15,0.20361149311065674,0.0
29063,24784,21882,186415,0.5397329470536891,0.5704779664343901,0.5546797465455378,0.38377636044315916,06765,0.20659369230270386,0.21540392935276031,1.513710885771899e-15,0.17942103743553162,0.0
4829,66980,6537,183798,0.06724783801473352,0.4248636283653,0.11611662158100389,0.061636841702192836,04543,0.33535367250442505,0.3141184151172638,2.6033385785374685e-15,0.30944034457206726,0.0
766,12460,6551,242367,0.057916225616210494,0.1046877135438021,0.07457528111765566,0.0387318602416949,03447,0.10205359011888504,0.09861468523740768,5.487113483794116e-16,0.1406557857990265,0.0
1243,29948,4831,226122,0.03985123913949537,0.20464273954560422,0.06671139138601906,0.03450669035589362,04523,0.13296250998973846,0.1421930342912674,7.417286459154369e-16,0.1637955605983734,0.0
3204,39586,5009,214345,0.0748773077821921,0.39011323511506146,0.12563966825480855,0.06703069101864055,02684,0.200095534324646,0.19594748318195343,1.4888702537406686e-15,0.20190662145614624,0.0
6091,101629,20039,134385,0.056544745636836244,0.23310371220818982,0.0910123272319761,0.04767570190749771,06588,0.45690810680389404,0.3888442814350128,2.6287677074306358e-15,0.289823055267334,0.0
78719,74840,63314,45271,0.5126303245006805,0.5542303549175192,0.532619286042924,0.36297279974916197,02280,0.5609956383705139,0.5482720136642456,6.230440064332783e-15,0.5024830102920532,0.0
4107,50700,31268,176069,0.07493568339810608,0.11609893992932863,0.09108247765629505,0.04771420273017717,07223,0.30637097358703613,0.22959037125110626,2.530275788999933e-15,0.21925216913223267,0.0
1267,32334,17723,210820,0.03770721109490789,0.06671932596103212,0.0481831492080394,0.02468630660120022,02905,0.22361581027507782,0.20245479047298431,1.7261531119131933e-15,0.21544282138347626,0.0
7447,61030,20475,173192,0.10875184368474086,0.26670725592722583,0.15450367742403967,0.08371930929040382,00505,0.281645268201828,0.26047980785369873,2.3182059482014218e-15,0.28612077236175537,0.0
3655,44483,4635,209371,0.07592754165108646,0.4408926417370326,0.12954561565180406,0.06925890133212059,06753,0.21804110705852509,0.22786466777324677,9.614168572741135e-16,0.24703125655651093,0.0
27312,91197,13272,130363,0.23046350910057464,0.6729745712596097,0.3433463445908997,0.20725294238167868,03464,0.3889649510383606,0.47235938906669617,2.559958280409912e-15,0.24668586254119873,0.0
22312,59181,33729,146922,0.2737903869043967,0.3981370782105958,0.3244579522154522,0.1936435750117165,07305,0.2895146310329437,0.31510886549949646,1.6207851989589489e-15,0.2573443055152893,0.0
20618,123779,13557,104190,0.14278690000484776,0.603306510607169,0.23092086105324466,0.13053167377844183,10188,0.46493518352508545,0.48528891801834106,3.745664492857007e-15,0.31396445631980896,0.0
14343,67509,19673,160619,0.17523090455944876,0.42165451552210725,0.24757482652673735,0.14127554789460725,01779,0.37382352352142334,0.3325905203819275,1.776886397190083e-15,0.3041171431541443,0.0
2181,8295,51212,200456,0.2081901489117984,0.04084805124267226,0.0682960434639653,0.03535533653222669,02322,0.14090923964977264,0.11545810848474503,4.683560638084493e-16,0.11269315332174301,0.0
54345,107397,55375,45027,0.3359980710019661,0.4953062340503099,0.4003875312198392,0.2503028321135609,09794,0.5312216281890869,0.5512115359306335,3.769008914490866e-15,0.20227749645709991,0.0
55741,113967,33631,58805,0.3284524005939614,0.623696459741306,0.43029952138335653,0.27412842592911346,04577,0.5250707864761353,0.601544976234436,4.118559976425769e-15,0.28682899475097656,0.0
34202,113451,15435,99056,0.2316376910729887,0.6890424481737414,0.346718029296974,0.2097150004905327,03479,0.4592004120349884,0.5227662920951843,4.284281451646339e-15,0.28297242522239685,0.0
5169,53298,9345,194332,0.08840884601570116,0.3561389003720546,0.14165330702511614,0.07622544682357105,11832,0.21281886100769043,0.24044489860534668,1.2488154568844637e-15,0.2772183120250702,0.0
12692,72794,25687,150971,0.14846875511779706,0.33070168581776493,0.20493278973075527,0.11416441042339417,04427,0.36300307512283325,0.3407760262489319,2.349346501345949e-15,0.33396610617637634,0.0
42982,51722,36951,130489,0.453856225713803,0.5377253449764178,0.49224391165675085,0.3264744977403061,00210,0.3479861617088318,0.36206385493278503,2.3664081599716295e-15,0.2821735143661499,0.0
7896,29207,35066,189975,0.21281298008247312,0.1837903263349006,0.1972397427090489,0.10940985741800496,06953,0.21032603085041046,0.21472416818141937,9.891689194824923e-16,0.2040356546640396,0.0
18885,69111,63271,110877,0.21461202781944633,0.22986756901504454,0.2219779961446236,0.12484547191390058,04357,0.4482405185699463,0.3698645234107971,6.789300577686888e-15,0.3693479299545288,0.0
5072,105788,6005,145279,0.04575139815984124,0.4578857091270199,0.08319050001230144,0.04340050485603046,05491,0.3079031705856323,0.39413321018218994,1.7913343137372355e-15,0.3362809121608734,0.0
6668,54652,21232,179592,0.10874103065883887,0.23899641577060932,0.14947321228424118,0.08077333074910359,09127,0.27689188718795776,0.2746964991092682,1.6076871906143574e-15,0.2883106768131256,0.0
3237,33400,10154,215353,0.08835330403690259,0.2417295198267493,0.12940753178220196,0.06917997050714882,06538,0.23509864509105682,0.20853284001350403,1.0545387022135711e-15,0.23182806372642517,0.0
8853,125936,1559,125796,0.06568043386329744,0.8502689204763734,0.12194130894415325,0.06492944524305454,08858,0.566868245601654,0.4918311834335327,4.097255262433435e-15,0.30984383821487427,0.0
6794,24727,9119,221504,0.21553884711779447,0.42694652171180797,0.2864611881772568,0.1671751968503937,00897,0.13068613409996033,0.14318199455738068,5.954107113787375e-16,0.1434892863035202,0.0
30076,116569,26892,88607,0.205093934331208,0.527945513270608,0.2954231802488053,0.17331174331698715,02867,0.550067663192749,0.5446847677230835,6.987635402549308e-15,0.386089563369751,0.0
47938,41516,34486,138204,0.5358955440785208,0.5816024458895467,0.5578142636055806,0.38678392770695497,10509,0.23175404965877533,0.351709246635437,1.312467669511881e-15,0.24180054664611816,0.0
10231,37819,19499,194595,0.21292403746097815,0.3441305079044736,0.2630753407045513,0.15146042132377976,05698,0.2044461965560913,0.22257371246814728,1.1385618801335697e-15,0.25565066933631897,0.0
8116,82987,13494,157547,0.08908597960550146,0.3755668671911152,0.14401178213693186,0.07759304760174766,07346,0.3367736041545868,0.3136630952358246,1.801398295577424e-15,0.3401593863964081,0.0
4711,97375,7177,152881,0.04614736594635895,0.39628196500672946,0.08266797690701388,0.04311615093856109,01645,0.3568952679634094,0.386760413646698,2.2589332185917476e-15,0.29738497734069824,0.0
3509,56033,23412,179190,0.058933190017130765,0.13034434084915122,0.08116766709459539,0.042300552113219377,02814,0.2549158036708832,0.2431355118751526,1.568078091175598e-15,0.2608836889266968,0.0
8467,162795,8106,82776,0.04943887143674604,0.5108912085922886,0.09015359224851598,0.04720462958833237,02467,0.5952936410903931,0.6168451309204102,4.4641963082156354e-15,0.24750660359859467,0.0
131236,44537,41008,45363,0.7466220636844112,0.76191913796707,0.7541930422939109,0.6053851582933929,02990,0.644027829170227,0.643535315990448,6.015781742483984e-15,0.30899834632873535,0.0
30179,121891,13104,96970,0.19845465903860066,0.6972483423052931,0.3089688922105112,0.18271035392979523,08998,0.5048885345458984,0.5144347548484802,3.0322265461700458e-15,0.28422948718070984,0.0
10344,40852,3432,207516,0.2020470349246035,0.7508710801393729,0.3184140860678446,0.18935344511971883,04326,0.20385389029979706,0.2463897168636322,1.2451401203469938e-15,0.20485544204711914,0.0
75979,42038,90739,53388,0.6437970800816831,0.4557336340407155,0.5336821957258503,0.3639607963363927,03596,0.45843496918678284,0.4616422653198242,3.5024385862963643e-15,0.3383214771747589,0.0
16539,90705,17173,137727,0.15421841781358397,0.49059682012339817,0.23466897471551404,0.13293199482385848,00341,0.294549822807312,0.3777782917022705,2.021516634642673e-15,0.27890053391456604,0.0
24619,64117,27507,145901,0.27744094843130185,0.47229789356559104,0.34954778435632033,0.21178909697788253,04206,0.26298293471336365,0.3542688488960266,2.415727711033567e-15,0.3361243009567261,0.0
23492,89061,7876,141715,0.2087194477268487,0.7489160928334608,0.3264568756470564,0.1950692939408282,10906,0.43444547057151794,0.44914013147354126,3.681967419736268e-15,0.31780335307121277,0.0
91495,60344,71319,38986,0.6025790475437799,0.561960273686538,0.581561275436751,0.41000098584859157,01887,0.44500356912612915,0.5017265677452087,2.8652720256668728e-15,0.22536413371562958,0.0
14224,21739,41381,184800,0.39551761532686375,0.25580433414261305,0.31067621876638124,0.1839056681836988,04221,0.12082497775554657,0.15664388239383698,5.742158622172142e-16,0.1772511601448059,0.0
72144,65430,12781,111789,0.5244014130576998,0.8495025022078304,0.6484883078126192,0.4798244155498653,00504,0.4602096676826477,0.4583592712879181,4.323752185279861e-15,0.28016626834869385,0.0
11645,52183,15090,183226,0.1824434417497023,0.4355713484196746,0.2571690425449687,0.14755822499303073,02850,0.20285910367965698,0.2385525107383728,1.492604773053988e-15,0.25828394293785095,0.0
5507,55512,13767,187358,0.09025057768891656,0.28572169762374183,0.137172605332968,0.07363677693685984,03221,0.2708194851875305,0.34060239791870117,1.7161823581271044e-15,0.25908783078193665,0.0
7663,25779,26757,201945,0.22914299384008133,0.2226321905868681,0.22584067666735433,0.12729447333012175,05433,0.15215814113616943,0.14117863774299622,1.245156572343097e-15,0.1817120760679245,0.0
15165,72885,17346,156748,0.17223168654173765,0.4664575066900434,0.2515738920546445,0.14388591597404077,00602,0.3075941503047943,0.30531805753707886,2.759825582968992e-15,0.31666630506515503,0.0
71467,75027,15664,99986,0.48784933171324424,0.8202247191011236,0.6118095238095238,0.4407244785949506,02710,0.5229061245918274,0.5785140991210938,3.972799156831815e-15,0.26978257298469543,0.0
10213,33364,36445,182122,0.2343667531037015,0.21889065112092246,0.22636449271347037,0.1276274024643223,02131,0.21377544105052948,0.1890905797481537,1.7426883808897235e-15,0.2259465605020523,0.0
5489,117158,2697,136800,0.04475445791580716,0.6705350598582946,0.08390849403437972,0.043791485830993106,06294,0.36932894587516785,0.44683507084846497,3.281398183773224e-15,0.2933471202850342,0.0
3423,62986,13753,181982,0.05154421840413197,0.19928970656730322,0.08190464796315128,0.04270103041341284,00559,0.2859329879283905,0.3042090833187103,1.5218222748882682e-15,0.2889295816421509,0.0
3725,55741,9310,193368,0.0626408367806814,0.28576908323743766,0.10275720334891934,0.05416133534954054,01500,0.2692497968673706,0.2882503271102905,2.2439578967196543e-15,0.24999694526195526,0.0
17603,92073,20191,132277,0.16050001823553012,0.4657617611261047,0.23873330168847906,0.1355463666674367,01890,0.42873939871788025,0.4235871434211731,2.6923558868463536e-15,0.3371695578098297,0.0
38394,97252,25292,101206,0.2830455745101219,0.6028640517539177,0.38522665703449516,0.2385639190247176,00844,0.49659526348114014,0.48500874638557434,3.889937940725303e-15,0.31272566318511963,0.0
6965,99040,9863,146276,0.06570444790340078,0.41389351081530784,0.11340600652919004,0.0601115061967066,02720,0.3594026565551758,0.39954495429992676,3.424598929088751e-15,0.3101164400577545,0.0
105778,50598,68963,36805,0.6764337238450914,0.6053416198831413,0.6389161535046525,0.4694171892126973,04604,0.6043551564216614,0.5935001969337463,5.835862753692893e-15,0.3406665027141571,0.0
133663,46026,36676,45779,0.7438574425813489,0.7846881806280417,0.763727473230713,0.617766274582303,04232,0.688197135925293,0.6942323446273804,5.824081090085216e-15,0.2535521388053894,0.0
15027,47952,38933,160232,0.23860334397180014,0.27848406226834693,0.2570057893431618,0.1474507418164691,05229,0.2749769687652588,0.282559871673584,2.2330381599260128e-15,0.33466795086860657,0.0
18284,53773,23906,166181,0.2537435641228472,0.433372837165205,0.3200784265669996,0.1905317674520388,01496,0.2695492208003998,0.2788754403591156,1.5913451354984546e-15,0.28411340713500977,0.0
16743,71273,24632,149496,0.19022677694964552,0.40466465256797585,0.2587969796971969,0.14863113415240395,05456,0.3009395897388458,0.320759117603302,1.520976554898164e-15,0.3152574300765991,0.0
0,3655,8024,250465,0.0,0.0,0.0,0.0,00889,0.07286645472049713,0.0845951959490776,2.7640144083159464e-16,0.09315528720617294,0.0
2456,29277,23038,207373,0.07739577096398072,0.09633639287675531,0.08583361000926136,0.044841248105749396,03104,0.25385162234306335,0.24917477369308472,1.1378909879440189e-15,0.1779068112373352,0.0
